股票代码,股票简称,币种,报告期间,数据类型,总资产,总负债,净利润,营业总收入,营业总成本,研发费用,利润总额,所得税,研发投入占比,毛利率,总资产周转率
LHSW,索威尔,USD,2025-03-31,A,30729130,19075769,3124662,36539846,26964611,3462715,3157960,-24605,9.476545139243335,26.20491339782877,1.189094712411318
LHSW,索威尔,USD,2024-03-31,A,19129887,11280967,2817914,36598667,28636850,2286141,2927447,109622,6.246514388078669,21.75439067220672,1.913166920431888
LHSW,索威尔,USD,2023-03-31,A,9239193,5991081,1610110,13070586,9715604,449828,1840352,230297,3.441528941395589,25.66818350761014,1.414689140058011
LHSW,索威尔,USD,2022-03-31,A,2657008,1335855,-391081,949341,473882,473893,-523375,-132288,49.91810108275109,50.08305761575661,0.3572970047512089
RGC,脑再生科技,USD,2024-06-30,A,8438211,219512,-4301837,0,,1066233,-4363221,0,,,
RGC,脑再生科技,USD,2023-06-30,A,12621755,632320,-5871130,0,,1581628,-6062329,0,,,
RGC,脑再生科技,USD,2022-06-30,A,18018918,938032,-7445943,0,,2512154,-7594555,0,,,
RGC,脑再生科技,USD,2021-06-30,A,340134,4337771,-1346745,0,,438323,-1346745,0,,,
SLAI,SOLAI Ltd ADR,USD,2025-09-30,Q,76573000,14825000,-2482000,4403000,6923000,,-2748000,0,,-57.23370429252782,0.05750068562025779
SLAI,SOLAI Ltd ADR,USD,2024-12-31,Q,86335000,19555000,-2125000,8793000,8505000,,-2279000,0,,3.275332650972365,0.101847454682342
SLAI,SOLAI Ltd ADR,USD,2024-09-30,Q,,,-4750000,4770000,6448000,,-4750000,0,,-35.17819706498952,
CD,Chaince Digital Holdings Inc,USD,2024-12-31,A,35691313,11602495,-4534397,1007430,1382939,,-4197412,336985,,-37.27395451793177,0.0282261961054781
CD,Chaince Digital Holdings Inc,USD,2023-12-31,A,30395136,12562369,-9357196,445928,1424312,,-9447972,-90776,,-219.4040293500296,0.01467103157557841
CD,Chaince Digital Holdings Inc,USD,2022-12-31,A,18893082,2064218,-5634971,863438,1380600,,-5883682,-248711,,-59.89567287981302,0.04570127838327278
CD,Chaince Digital Holdings Inc,USD,2021-12-31,A,9019621,1371982,-21665704,670171,702679,,-13305382,0,,-4.850702283447061,0.07430145900808914
SMXT,SolarMax Technology Inc,USD,2025-09-30,Q,58663000,70442570,-2258104,30602588,29646380,,-2773615,-515511,,3.124598481670897,0.5216676269539573
SMXT,SolarMax Technology Inc,USD,2025-06-30,Q,38243989,53350589,-1898777,6883004,6278443,,-2004994,-106217,,8.783388764556872,0.1799761002964413
SMXT,SolarMax Technology Inc,USD,2025-03-31,Q,38591425,54465830,-1296242,6927469,5508398,,-1359876,-63634,,20.48469650315288,0.1795079865540078
SMXT,SolarMax Technology Inc,USD,2024-12-31,Q,38629891,53708833,-3903595,6436900,5503340,,-2186493,1717102,,14.50325467228014,0.1666300326863464
SMXT,SolarMax Technology Inc,USD,2024-09-30,Q,43045571,53983195,-9622730,6331606,5074267,,-9565919,56811,,19.85813709823384,0.1470907657375482
SMXT,SolarMax Technology Inc,USD,2024-06-30,Q,,,,,,,,,,,
MASK,三易科技,USD,2025-06-30,A,9355281,4001536,764919,4835167,2426213,,1908945,431139,,49.82152632990753,0.5168382435546297
MASK,三易科技,USD,2024-06-30,A,3860558,1124040,1548347,859344,30896,191504,817562,114958,22.28490569550727,96.40469939861104,0.2225958009178984
MASK,三易科技,USD,2023-06-30,A,2009318,812866,996157,37130,7338,86392,15789,1767,232.6743872879073,80.23700511715593,0.01847890677334299
MASK,三易科技,USD,2022-06-30,A,1794525,1496216,439403,1296377,423624,112549,488710,49307,8.681810923828486,67.32246869544893,0.7224067650213845
SCAG,司凯奇,USD,2025-06-30,A,26483763,27427061,-12943787,11122585,11835751,1545278,-13065903,0,13.89315523324839,-6.411872779574172,0.4199775160350136
SCAG,司凯奇,USD,2024-06-30,A,10557206,32249952,-7665829,6111141,5574685,1698494,-5980776,0,27.79340224681446,8.778327975086812,0.5788596907174114
SCAG,司凯奇,USD,2023-06-30,A,8365391,26920724,-9614387,437970,795286,2297474,-6618209,0,524.5733726054297,-81.58458341895563,0.05235499452446395
SCAG,司凯奇,USD,2022-06-30,A,6674111,16888637,-5584958,278660,651078,1942902,-5263084,0,697.2303165147491,-133.6460202397187,0.04175237720799069
AGMH,安高盟,USD,2024-12-31,A,61368088,39502672,3119095,32044575,25188174,,5738528,2330891,,21.39644854082165,0.5221700079689626
AGMH,安高盟,USD,2023-12-31,A,97547345,78114845,-7439280,68758258,65605382,0,15509062,4093157,,4.585450666885714,0.7048706246182302
AGMH,安高盟,USD,2022-12-31,A,125230014,94786304,11475639,203106017,160839953,0,12193261,3437982,,20.80985321079877,1.621863725097084
AGMH,安高盟,USD,2021-12-31,A,88020889,62967113,3551695,36709931,30112363,36317,4957854,1406159,0.09892963296498705,17.97216126611625,0.4170593073650961
ONEG,一建筑,USD,2025-03-31,A,49845000,37704000,898000,53205000,49289000,,1139000,241000,,7.360210506531341,1.067408967800181
ONEG,一建筑,USD,2024-03-31,A,43637000,38008000,1769000,63463000,59020000,,1910000,141000,,7.000929675558987,1.454339207553223
ONEG,一建筑,USD,2023-03-31,A,32300000,28468000,1670000,54493000,51667000,,2032000,362000,,5.18598719101536,1.687089783281734
ONEG,一建筑,USD,2022-03-31,A,43637000,38008000,1769000,63463000,59020000,,1910000,141000,,7.000929675558987,1.454339207553223
WYHG,荣业食品,USD,2025-09-30,Q,208448596,42787808,-46235,32111266,24298015,1093426,75452,121687,3.405116447292984,24.33180616422909,0.1540488476113315
WYHG,荣业食品,USD,2025-06-30,Q,206261344,41580945,1972272,35497287,25301830,1082341,1972759,487,3.04908090581683,28.72179217527244,0.1720985925506235
WYHG,荣业食品,USD,2025-03-31,Q,201701531,41119914,2819438,34616047,23457422,968643,3501269,681831,2.798248453961251,32.23541093528097,0.1716201499729816
WYHG,荣业食品,USD,2024-12-31,Q,193491088,37746096,667447.985892,35824219.340731,25671715.868985,1854611.917639,606204.222375,-61243.763517,5.176977898665234,28.33977587950654,0.1851466117174916
WYHG,荣业食品,USD,2024-09-30,Q,202328525.127736,46107886.067261,2066782.58217,37978094.257607,28091524.441394,1058427.51468,2450597.117364,383814.535194,2.78694214486025,26.03229574699558,0.187705091180941
WYHG,荣业食品,USD,2024-06-30,Q,,,,,,,,,,,
GTEC,格陵兰科技,USD,2025-09-30,Q,123425269,53573282,5732522,23401597,15828001,560668,7505987,920297,2.395853582129459,32.36358612619472,0.1896013449239475
GTEC,格陵兰科技,USD,2025-06-30,Q,123569638,60343462,-3225268,21719786,15969005,443720,-1910852,848920,2.042929888904062,26.47715313585502,0.1757696012672628
GTEC,格陵兰科技,USD,2025-03-31,Q,118649597,60557999,4003783,21677564,15016614,81457,5441111,878275,0.3757663914635427,30.72739169401137,0.1827023820401177
GTEC,格陵兰科技,USD,2024-12-31,Q,115576195,62307307,7598250,19369717,14223560,387634,6026138,673708,2.001237292212374,26.56805465975574,0.1675926171475017
GTEC,格陵兰科技,USD,2024-09-30,Q,127507418,66211531,-684391,18834093,13868406,437978,703543,344250,2.325453102519988,26.36541616312503,0.1477097826575078
GTEC,格陵兰科技,USD,2024-06-30,Q,,,,,,,,,,,
JFU,玖富,USD,2024-12-31,A,4123036000,466467000,49984000,309974000,107848000,,26982000,13982000,,65.20740449198965,0.07518100739358084
JFU,玖富,USD,2023-12-31,A,4039245000,466728000,-140190000,412449000,115179000,,-151884000,7745000,,72.07436555792353,0.1021104191501134
JFU,玖富,USD,2022-12-31,A,4310605000,599629000,-594741000,561667000,115442000,,-602746000,11623000,,79.44654038780986,0.1302988791596539
JFU,玖富,USD,2021-12-31,A,5049610000,859665000,-234908000,761451000,106182000,,-201568000,26735000,,86.05530756411115,0.1507940217165286
SELX,Semilux International Ltd,USD,2024-12-31,A,315164000,269432000,-120614000,120228000,148706000,35033000,-152717000,-771000,29.13880294107862,-23.68666200884985,0.3814775799266414
SELX,Semilux International Ltd,USD,2023-12-31,A,448923000,166054000,-50026000,32840000,48049000,24195000,-62010000,1019000,73.6753958587089,-46.31242387332522,0.07315285694874177
SELX,Semilux International Ltd,USD,2022-12-31,A,547057000,201159000,14829000,102438000,56525000,26845000,21452000,6429000,26.20609539428728,44.82028153614869,0.1872528822407903
SELX,Semilux International Ltd,USD,2021-12-31,A,561303000,220342000,-11444000,126133000,69310000,40921000,-29213000,1298000,32.4427390135809,45.05006619996353,0.2247146371923898
CANG,灿谷,USD,2025-06-30,Q,8045219206,3339411026,-2116011661,1001766873,993290554,,-1301865363,-11326299,,0.8461368835860875,0.1245170389208162
CANG,灿谷,USD,2025-03-31,Q,7055060830,3187747227,-207355523,1053883166,955091082,324991,-204226555,3128968,0.03083747900002039,9.374102100422013,0.1493797419178312
CANG,灿谷,USD,2024-12-31,Q,5969323559,1882693687,55886298,668032884,550534892,1274152,56056263,169965,0.1907319281007131,17.58865391422857,0.1119109857921508
CANG,灿谷,USD,2024-09-30,Q,4527289141,555746847,67879125,26953433,23260308,1424250,64640162,-3238963,5.284113530176286,13.70187241083538,0.005953547953433001
CANG,灿谷,USD,2024-06-30,Q,4564536565,617498063,86022837,0,0,1670526,2580377,-7651029,,,
YMT,一亩田,USD,2025-03-31,Q,57133000,1526047000,-2635000,34282000,7155000,6209000,-2904000,0,18.11154541742022,79.12898897380549,0.6000385066423958
DTSS,数海信息,USD,2025-09-30,Q,7691360,4677908,-201026,13813551,12644459,512924,-201159,0,3.713194384268028,8.463370497564313,1.795982895092676
DTSS,数海信息,USD,2025-06-30,Q,6735881,3793686,-204429,19725345,18193620,389983,-198053,6596,1.97706554688904,7.765263421248146,2.928398675689194
DTSS,数海信息,USD,2025-03-31,Q,6154373,3321879,-1782998,10353977,10056187,347532,-1783092,0,3.356507359442657,2.876092925452703,1.682377229979398
DTSS,数海信息,USD,2024-12-31,Q,5903533,2677125,-1136278,20456404,20038952,74402,-1127716,0,0.3637100636064873,2.040691022723251,3.465112162496593
DTSS,数海信息,USD,2024-09-30,Q,7956650,3891921,-1961989,21081094,20884113,103079,-1970669,0,0.4889641875322031,0.9343964786647221,2.649493693954114
DTSS,数海信息,USD,2024-06-30,Q,,,,,,,,,,,
RITR,Reitar Logtech Holdings Ltd-A,USD,2025-03-31,A,333819187,176434734,7869531,378169751,318110790,,8872039,6431499,,15.88148201731767,1.132858043297553
RITR,Reitar Logtech Holdings Ltd-A,USD,2024-03-31,A,242824451,144765155,19759446,251979875,187920609,,25434002,5806012,,25.42237390982117,1.037703880158263
RITR,Reitar Logtech Holdings Ltd-A,USD,2023-03-31,A,203683169,125251863,63712561,84485339,60078321,,9455305,1994996,,28.8890573073276,0.4147880230594802
RITR,Reitar Logtech Holdings Ltd-A,USD,2022-03-31,A,42090325,34585904,19164696,144151979,107224193,,23327942,4163246,,25.61725912899191,3.424824564790127
RITR,Reitar Logtech Holdings Ltd-A,USD,2021-03-31,A,,,,,,,,,,,
MIMI,Mint Incorporation Ltd-A,USD,2025-03-31,A,7575555,1776087,-1461116,3266390,2540218,,-1635736,-174620,,22.23163798566613,0.4311750096197572
MIMI,Mint Incorporation Ltd-A,USD,2024-03-31,A,2111469,913749,783438,4382996,2821615,,912370,128932,,35.62360084289377,2.075804096579206
MIMI,Mint Incorporation Ltd-A,USD,2023-03-31,A,958001,548899,819424,2673478,1409697,,949649,130225,,47.27104543220479,2.790683934567918
MIMI,Mint Incorporation Ltd-A,USD,2022-03-31,A,416517,277844,256577,2118188,1499196,,265058,8481,,29.22271299809082,5.085477903662996
CCM,泰和诚医疗,USD,2024-12-31,A,6726388000,5108639000,-308243000,383956000,463118000,,-669580000,-17505000,,-20.61746658471283,0.05708204760117912
CCM,泰和诚医疗,USD,2023-12-31,A,6053943000,4306956000,-297658000,537402000,614010000,,-555594000,-24573000,,-14.25525025958221,0.08876892299778838
CCM,泰和诚医疗,USD,2022-12-31,A,6004934000,3989277000,-489661000,472085000,624494000,,-839896000,-70906000,,-32.28422847580414,0.07861618462417738
CCM,泰和诚医疗,USD,2021-12-31,A,6229951000,3486230000,-271427000,485633000,542530000,,-529237000,-6565000,,-11.71604895054496,0.07795133541178735
BTOG,Bit Origin Ltd-A,USD,2024-06-30,A,6684745,5775162,-17531647,2888482,3833684,,-18284958,0,,-32.72313969759895,0.4321005513299311
BTOG,Bit Origin Ltd-A,USD,2023-06-30,A,13335828,3074757,-28216352,6261091,10826620,,-28216352,0,,-72.91906474446705,0.4694939826758414
BTOG,Bit Origin Ltd-A,USD,2022-06-30,A,34954924,299968,3239390,192351,403384,,-5342676,0,,-109.7124527556394,0.005502829873124599
BTOG,Bit Origin Ltd-A,USD,2021-06-30,A,40875828,42495816,-45609519,0,0,,-3640018,0,,,
KXIN,开心汽车,USD,2024-12-31,A,24645000,11471000,-40972000,0,0,,-41911000,-931000,,,
KXIN,开心汽车,USD,2023-12-31,A,67633000,18615000,-53563000,31535000,31193000,,-53782000,-228000,,1.084509275408277,0.4662664675528219
KXIN,开心汽车,USD,2022-12-31,A,55682000,20179000,-84706000,82840000,82194000,,-84545000,74000,,0.7798165137614679,1.487733917603534
KXIN,开心汽车,USD,2021-12-31,A,74160000,36081000,-196579000,253840000,248583000,,-196657000,-729000,,2.070989599747873,3.422869471413161
CDTG,城道通环保科技,USD,2024-12-31,A,89360588,51922531,1453191,29765205,18518728,61786,1868325,462043,0.2075779420971567,37.78397293080965,0.3330909707084739
CDTG,城道通环保科技,USD,2023-12-31,A,72791561,40705318,7417706,34209919,22825033,80948,8427934,1403880,0.2366214313456866,33.27948832617815,0.4699709489675596
CDTG,城道通环保科技,USD,2022-12-31,A,53910727,28350816,5782018,28849362,18596207,112668,6395752,1152963,0.3905389658183775,35.54031801465835,0.5351321268585378
CDTG,城道通环保科技,USD,2021-12-31,A,41253446,18861212,6775739,23556820,15062490,136690,7786070,1207810,0.5802565881133361,36.05889929116069,0.5710267210162273
HUDI,华迪国际,USD,2024-09-30,A,103594531,25277092,137422,74270429,66954594,2239220,-156215,-298610,3.014954982958292,9.850266247957178,0.7169338794535399
HUDI,华迪国际,USD,2023-09-30,A,103010786,28326976,3257722,84332300,71976696,2550777,3516111,220854,3.024673820114001,14.65109335331777,0.8186744638566296
HUDI,华迪国际,USD,2022-09-30,A,84636527,35002586,1924202,76366148,65230521,2330913,2121071,173017,3.052285680299077,14.58188908520042,0.9022835731433073
HUDI,华迪国际,USD,2021-09-30,A,100245863,48767449,2531475,70246611,58926675,2057547,2468045,-89000,2.929033829119529,16.11456529910033,0.7007432416437973
ELPW,亿珑能源,USD,2024-12-31,A,26631087,43081812,-30113504,386940,3849231,108863,-30113504,0,28.13433607277614,-894.7875639634052,0.01452963598519279
ELPW,亿珑能源,USD,2023-12-31,A,37503085,36524749,-7446001,3162739,7076786,873968,-7446001,0,27.63326344665178,-123.7549794655835,0.08433276889087925
ELPW,亿珑能源,USD,2022-12-31,A,44546820,49466894,-9768372,6815548,9667730,903996,-9766164,2208,13.2637316911274,-41.84816833510673,0.1529974081202654
ELPW,亿珑能源,USD,2021-12-31,A,53528774,50547663,-10353466,15987327,19749690,1357787,-10353466,0,8.492895654164077,-23.53340868051301,0.2986679089642517
LXEH,丽翔教育,USD,2024-12-31,A,470617330,325120200,-24627666,32800660,35851105,,-24702033,0,,-9.299950061980459,0.06969709339007979
LXEH,丽翔教育,USD,2023-12-31,A,433971070,276872159,-126630648,50815416,46850314,,-100475629,3119576,,7.802950978498337,0.1170940173500506
LXEH,丽翔教育,USD,2022-12-31,A,608926454,355435687,-7789861,41353741,40404962,,-9871378,48391,,2.294300290752413,0.06791253808789198
LXEH,丽翔教育,USD,2021-12-31,A,532725763,413662825,-243819961,34436772,17356450,,919795,670976,,49.5990797279141,0.06464258797260383
PTHL,飞天兆业,USD,2024-12-31,A,6723254,538551,-660588,448196,67041,93324,-638759,21829,20.8221403136128,85.04203518103687,0.06666355309497454
PTHL,飞天兆业,USD,2023-12-31,A,1616636,1310364,-241217,628591,157763,84474,-260508,-19291,13.43862702456765,74.90212236573544,0.3888265509366363
PTHL,飞天兆业,USD,2022-12-31,A,1401734,845412,83980,679777,121627,73717,71027,-12953,10.84429158385765,82.10780888438414,0.4849543493986734
PTHL,飞天兆业,USD,2021-12-31,A,1330988,376646,192462,702776,112033,81220,203530,11068,11.5570252825936,84.05850512823432,0.5280107709460942
PAVS,幸福来,USD,2025-03-31,A,35564173,6561576,-7893248,71542,62526,,-7002647,0,,12.60238740879483,0.002011631199747004
PAVS,幸福来,USD,2024-03-31,A,7728826,2560381,-10126191,0,0,,-4289195,0,,,
PAVS,幸福来,USD,2023-03-31,A,36340209,22467138,-71738874,0,0,1397118,-4279876,0,,,
PAVS,幸福来,USD,2022-03-31,A,97425676,20011072,-49190610,20758645,20501385,1684089,-10199295,696,8.112711595578613,1.239290907474934,0.2130716034241323
PAVS,幸福来,USD,2021-03-31,A,,,,,,1660100,,,,,
ZJK,中金科,USD,2024-12-31,A,55771256,25704381,3682723,37809465,24244227,548122,4927762,1264933,1.449695201981832,35.87788930628879,0.6779382017145176
ZJK,中金科,USD,2023-12-31,A,38280433,16578005,7691085,29055306,18034418,455398,8974042,1284203,1.567348834667238,37.93072425394522,0.7590119474353908
ZJK,中金科,USD,2022-12-31,A,32103601,17631006,7282843,24792229,15778989,487543,8391897,1113066,1.966515394803751,36.35510143117829,0.7722569502405665
ZJK,中金科,USD,2021-12-31,A,24237521,16285484,2993730,17497126,12178179,534064,3477854,484582,3.052295559853658,30.39897523741899,0.7219024585888961
BNR,燃石医学,USD,2025-09-30,Q,812168000,262591000,-16758000,131617000,32773000,41469000,-16546000,212000,31.50732808071906,75.09972116064034,0.1620563725731622
BNR,燃石医学,USD,2025-06-30,Q,824931000,260696000,-9702000,148554000,40451000,49770000,-9458000,244000,33.50296861747243,72.7701711162271,0.1800805158249599
BNR,燃石医学,USD,2025-03-31,Q,854717000,282915000,-13500000,133082000,35681000,40389000,-13276000,224000,30.34895778542553,73.18871071970665,0.1557029987703532
BNR,燃石医学,USD,2024-12-31,Q,885305000,304478000,-81294000,126022000,36600000,52203000,-75980000,5314000,41.42371966799448,70.95745187348241,0.1423486820926121
BNR,燃石医学,USD,2024-09-30,Q,984805000,336639000,-35745000,128644000,36798000,49150000,-35544000,201000,38.20621249339261,71.39547899629987,0.1306289062301674
BNR,燃石医学,USD,2024-06-30,Q,,,,,,,,,,,
ADVB,Advanced Biomed Inc,USD,2025-09-30,Q,6242970,3238846,-386901,0,,235992,-386901,0,,,
ADVB,Advanced Biomed Inc,USD,2025-03-31,Q,8287598,4157815,-1383874,0,,250462,-1383874,0,,,
ADVB,Advanced Biomed Inc,USD,2024-12-31,Q,4504152,3885120,-907904,0,,243381,-907904,0,,,
ADVB,Advanced Biomed Inc,USD,2024-09-30,Q,4473771,3379941,-265580,0,,181703,-265580,0,,,
ADVB,Advanced Biomed Inc,USD,2024-06-30,Q,4460247,2796989,-809386,0,,209112,-809386,0,,,
TROO,盟军集团,USD,2024-12-31,A,79185000,10936000,-13413000,10073000,8132000,,-13386000,27000,,19.26933386280155,0.1272084359411505
TROO,盟军集团,USD,2023-12-31,A,70345000,9766000,-1719000,3569000,2793000,,-1859000,-140000,,21.74278509386383,0.05073565996161774
TROO,盟军集团,USD,2022-12-31,A,69686000,7482000,-346000,3875000,3053000,,-402000,-56000,,21.21290322580645,0.05560657807881066
TROO,盟军集团,USD,2021-12-31,A,70346000,7822000,-8413000,3683000,3323000,,-8539000,-126000,,9.77464023893565,0.05235549995735365
ABTS,Abits Group Inc,USD,2025-09-30,Q,13035515,3307174,-287237,1611515,852152,,-287237,,,47.12106309900932,0.1236249584308714
ABTS,Abits Group Inc,USD,2024-12-31,Q,11371297,990346,-255992,1777898,-221230,,-122576,,,112.4433460187255,0.1563496230904883
ABTS,Abits Group Inc,USD,2024-09-30,Q,,,-661753,1263700,876391,,-661753,,,30.64880905278152,
NXTT,Next Technology Holding Inc,USD,2025-09-30,Q,679538464,104431874,-16892250,1788205,981356,,-9588727,7303523,,45.12060977348794,0.002631499311273718
NXTT,Next Technology Holding Inc,USD,2025-06-30,Q,633275940,93674759,118574527,0,0,,150094338,31519811,,,
NXTT,Next Technology Holding Inc,USD,2025-03-31,Q,483825640,62798986,193440425,0,0,,244861298,51420873,,,
NXTT,Next Technology Holding Inc,USD,2024-12-31,Q,92916317,11288255,7551888,1800000,730000,,13120313,5568425,,59.44444444444444,0.01937227021170028
NXTT,Next Technology Holding Inc,USD,2024-09-30,Q,79433755,5357581,1378372,0,0,,1736806,364730,,,
NXTT,Next Technology Holding Inc,USD,2024-06-30,Q,,,,,,,,,,,
ZNB,Zeta Network Group-A,USD,2025-06-30,A,35821103,12498979,-43001455,8726016,8975518,0,-43001455,0,,-2.859288820923546,0.2435998690492585
ZNB,Zeta Network Group-A,USD,2024-06-30,A,27591648,9065904,-26864340,2830442,1993400,0,-26864340,0,,29.57283703393322,0.1025832889720831
ZNB,Zeta Network Group-A,USD,2023-06-30,A,30042203,5325768,-37849665,0,0,121580,-37849665,0,,,
ZNB,Zeta Network Group-A,USD,2022-06-30,A,53463194,5019430,-77208118,16519081,8546840,68275869,-77208118,0,413.3151777632182,48.26080215963588,0.308980436148278
ZNB,Zeta Network Group-A,USD,2021-06-30,A,,,,,,,,,,,
WXM,山友暖通,USD,2024-09-30,Q,11822593,7438130,-250599,4813594,4130915,,-287515,-36916,,14.18231367248671,0.4071521365913552
WXM,山友暖通,USD,2024-06-30,Q,11692737,7176157,825679,7852121,6477019,,1105840,280161,,17.51249121097344,0.6715383233198523
WIMI,微美全息,USD,2024-12-31,A,2152359764,767423442,71641496,541924655,387946081,111688665,109898827,6561949,20.60962976486095,28.41328080930365,0.251781632450178
WIMI,微美全息,USD,2023-12-31,A,1031010621,269465821,-421190362,585365937,411663866,171056952,-512892856,-2526873,29.2222251394857,29.67409957098341,0.567759366467283
WIMI,微美全息,USD,2022-12-31,A,1260341366,110976607,-357731093,682292979,539246590,341611729,-380439945,-3622909,50.06818764289234,20.96553729889693,0.5413556972786054
WIMI,微美全息,USD,2021-12-31,A,1505028697,165564432,-235973179,933791519,684223832,155578474,-255229686,-835222,16.66094313713723,26.72627475426879,0.6204476505074906
GMM,环球墨非,USD,2024-09-30,A,59191858,13690255,12137352,41360953,20556763,7448583,12984700,847448,18.00873156863673,50.29910698624377,0.6987608498452608
GMM,环球墨非,USD,2023-09-30,A,27119321,6302366,6551838,26889911,12357934,3546155,7649346,1098087,13.18767845680114,54.04248827748073,0.9915407174095546
GMM,环球墨非,USD,2022-09-30,A,8526529,4776638,-267222,17188293,13072732,3207759,-265241,0,18.66246403875009,23.94397745023313,2.015860498451363
GMM,环球墨非,USD,2021-09-30,A,9035187,6821931,1416462,14268184,10990076,661134,1424159,9992,4.633624012698463,22.97494901944074,1.579179711499054
SGLY,Singularity Future Technology L,USD,2025-09-30,Q,17593398,15531299,-9474102,307888,297566,,-9481863,0,,3.35251779868004,0.01750020092764343
SGLY,Singularity Future Technology L,USD,2025-03-31,Q,18389538,6948994,-1670409,363070,60307,,-1010696,0,,83.38970446470377,0.01974329099512995
SGLY,Singularity Future Technology L,USD,2024-12-31,Q,19119339,7189282,-327797,474624,464100,,-337330,0,,2.217334142394822,0.02482428916606374
SGLY,Singularity Future Technology L,USD,2024-09-30,Q,18926346,6806268,-961789,501402,773317,,-1004335,0,,-54.23093645418248,0.02649227695615414
SGLY,Singularity Future Technology L,USD,2024-06-30,Q,18728039,5474356,-757855,832940,921068,,-918807,0,,-10.58035392705357,0.04447555881317847
BTDR,Bitdeer Technologies Group-A,USD,2025-09-30,Q,2437079000,1863268000,-266685000,169708000,128881000,39088000,-261052000,5633000,23.03250288731233,24.05720413887383,0.06963582222816742
BTDR,Bitdeer Technologies Group-A,USD,2025-06-30,Q,2041070000,1334319000,-147733000,155582000,142762000,20577000,-147930000,-197000,13.22582303865486,8.24002776670823,0.0762257051448505
BTDR,Bitdeer Technologies Group-A,USD,2025-03-31,Q,1598625000,803976000,409473000,70128000,73353000,59014000,406897000,-2576000,84.1518366415697,-4.598733744010952,0.04386769880365939
BTDR,Bitdeer Technologies Group-A,USD,2024-12-31,Q,1557854000,1281256000,-531917000,69018000,63919000,22898000,-532678000,-761000,33.17685241531195,7.387927786954128,0.04430325306479298
BTDR,Bitdeer Technologies Group-A,USD,2024-09-30,Q,1046433000,525687000,-50097000,62029000,59264000,24836000,-53820000,-3723000,40.03933643940737,4.45759241645037,0.05927660920479381
CAN,嘉楠科技,USD,2025-09-30,Q,670003000,290100000,-27743000,150476000,133853000,16336000,-27248000,495000,10.85621627369149,11.04694436322071,0.2245900391490784
CAN,嘉楠科技,USD,2025-06-30,Q,592175000,268572000,-11058000,100209000,90903000,16406000,-10285000,773000,16.37178297358521,9.286591024758255,0.1692219360830836
CAN,嘉楠科技,USD,2025-03-31,Q,565554000,320916000,-86431000,82776000,82130000,18947000,-85726000,705000,22.88948487484295,0.7804194452498309,0.1463626815476506
CAN,嘉楠科技,USD,2024-12-31,Q,463011000,196757000,-92902000,88767000,95118000,16572000,-7601000,85301000,18.66910000337964,-7.154685862989625,0.1917168274619825
CAN,嘉楠科技,USD,2024-09-30,Q,502136000,186330000,-75577000,73608000,95119000,14761000,-82287000,-6710000,20.05352679056624,-29.22372568199109,0.1465897685089299
CAN,嘉楠科技,USD,2024-06-30,Q,,,,,,,,,,,
FTFT,富册金科,USD,2025-09-30,Q,54336334,10950861,-1965312,1324633,1202296,,-1965312,0,,9.23553920217902,0.02437840212039333
FTFT,富册金科,USD,2025-06-30,Q,24575059,10027370,1851780,605282,418510,0,1851780,0,,30.85702201618419,0.02462993069518165
FTFT,富册金科,USD,2025-03-31,Q,23641060,12718959,-4573348,552977,474359,,-30945404,0,,14.21722784130262,0.02339053325020113
FTFT,富册金科,USD,2024-12-31,Q,25902938,13306119,-22988972,-12343185,-8555761,309836,-23534229,0,-2.510178693748818,30.6843330955503,-0.4765167951218506
FTFT,富册金科,USD,2024-09-30,Q,53399735,17653624,-4878719,1027120,404263,655,-4216762,0,0.06377054287717111,60.64111301503232,0.01923455238120564
FTFT,富册金科,USD,2024-06-30,Q,,,,,,0,,,,,
JFIN,嘉银科技,USD,2025-09-30,Q,7908323000,3605256000,376491000,1470210000,286492000,108676000,465831000,89345000,7.391869188755348,80.51353208045109,0.1859066707315824
JFIN,嘉银科技,USD,2025-06-30,Q,7275795000,3383966000,519136000,1886206000,285084000,108436000,643180000,124046000,5.748894871503961,84.88585021996536,0.2592439726517858
JFIN,嘉银科技,USD,2025-03-31,Q,6394102000,2727789000,539484000,1775576000,336011000,88088000,663211000,123729000,4.961094315309511,81.07594380640423,0.277689658375797
JFIN,嘉银科技,USD,2024-12-31,Q,5409893000,2282279000,275525000,1404493000,339323000,100427000,355860000,80341000,7.150409436002884,75.84017862673576,0.2596156707720467
JFIN,嘉银科技,USD,2024-09-30,Q,5247386000,2398571000,269612000,1444872000,419056000,95925000,323541000,53927000,6.638996395528462,70.9970156525976,0.2753508127665851
JFIN,嘉银科技,USD,2024-06-30,Q,,,,,,,,,,,
UXIN,优信,USD,2025-09-30,Q,2249512000,2134498000,-63169000,879297000,813327000,3088000,-60697000,0,0.3511896435447864,7.50258445098755,0.3908834449427254
UXIN,优信,USD,2025-06-30,Q,2043699000,2024153000,-73797000,658271000,624064000,3089000,-67566000,39000,0.4692596210375362,5.196492022282616,0.3220978236031823
UXIN,优信,USD,2025-03-31,Q,1997397000,2137769000,-53071000,504229000,468888000,2899000,-51381000,0,0.5749371813203922,7.008918566762325,0.2524430546356082
UXIN,优信,USD,2024-09-30,Q,1904319000,2085125000,-60837000,497220000,462360000,2361000,-61598000,0,0.474840111017256,7.010981054663931,0.2611012125594504
UXIN,优信,USD,2024-06-30,Q,1829381000,1983158000,-51471000,401184000,375599000,3380000,-49792000,38000,0.8425061817021616,6.377372975991066,0.2193004081708512
LITB,兰亭集势,USD,2025-09-30,Q,65002000,72578000,2835000,55455000,18372000,,2835000,0,,66.87043548823371,0.8531275960739669
LITB,兰亭集势,USD,2025-06-30,Q,67917000,78290000,2021000,58882000,20080000,,1914000,-107000,,65.89789748989504,0.8669699780614574
LITB,兰亭集势,USD,2025-03-31,Q,65757000,78589000,114000,47018000,16371000,,114000,0,,65.18141988174742,0.7150265370987119
LITB,兰亭集势,USD,2024-12-31,Q,69374000,82546000,452000,57750000,23833000,,408000,-44000,,58.73073593073593,0.832444431631447
LITB,兰亭集势,USD,2024-09-30,Q,68732000,80761000,266000,57006000,22170000,,270000,4000,,61.10935690979898,0.8293953325961706
BTBT,比特数字,USD,2025-09-30,Q,1133084610,87503224,150883713,30464002,12135334,,147422478,697668,,60.16500392824291,0.0268859021922467
BTBT,比特数字,USD,2025-06-30,Q,723419037,90230393,14874202,25659419,13184218,,16465759,1591557,,48.61840792264236,0.03546964855446567
BTBT,比特数字,USD,2025-03-31,Q,485248574,67830681,-57711645,25105120,12790293,,-57039929,671716,,49.0530497364681,0.05173661777726316
BTBT,比特数字,USD,2024-12-31,Q,538247664,74768515,28972539,81813912,15592237,,30203345,1230806,,80.94182686191562,0.1520004961879407
BTBT,比特数字,USD,2024-09-30,Q,375970060,60953396,-38795486,22838671,15469305,,-38167256,628230,,32.26705266694371,0.06074598333707742
BTBT,比特数字,USD,2024-06-30,Q,,,,,,,,,,,
WCT,惠程科技,USD,2024-12-31,A,6695351,1782600,-431544,2309218,691984,,-484744,-53200,,70.03383829504187,0.3448987215158698
WCT,惠程科技,USD,2023-12-31,A,3297495,1300601,937609,2489995,547630,,1168639,231030,,78.0067831461509,0.7551171419516937
WCT,惠程科技,USD,2022-12-31,A,2313683,1501710,780648,1671117,352962,,937956,157308,,78.87867815359428,0.722275696368085
WCT,惠程科技,USD,2021-12-31,A,1455367,1425769,171468,671610,254319,,216257,44789,,62.13293429222316,0.461471230280747
KNDI,康迪车业,USD,2024-12-31,Q,473896621,127267155,-48699663,37799613,26870242,1026940,-55323737,-6170391,2.716800301632718,28.91397591821906,0.07976341532091237
KNDI,康迪车业,USD,2024-09-30,Q,542209000,132657000,-4111000,29945000,20571000,2283000,-3582000,593000,7.623977291701453,31.3040574386375,0.05522778116925392
KNDI,康迪车业,USD,2024-06-30,Q,493437000,96500000,1673000,39150000,27307000,783000,1929000,311000,2,30.25031928480204,0.07934143568479866
NA,毫微,USD,2024-12-31,A,615933492,383025668,-113187048,40595916,28993601,50145125,-119539049,0,123.5225853753368,28.58000543700012,0.0659095771333701
NA,毫微,USD,2023-12-31,A,350300231,366561581,-252823772,78335376,181784576,88601470,-254369448,-17394,113.1053101730181,-132.0593648519667,0.2236235350926731
NA,毫微,USD,2022-12-31,A,367242664,202828264,31118886,983168898,753004179,131851602,31118886,0,13.41088009071662,23.41049635197065,2.677164159772025
NA,毫微,USD,2021-12-31,A,909832733,934494408,-174944484,39440897,43530708,145455181,-174944484,0,368.7927812595134,-10.36946750982869,0.04334961314257309
JLHL,巨龙在线,USD,2024-09-30,A,173078241,155702300,17076187,173650559,147090500,,20125536,3049349,,15.2951186295922,1.003306701042796
JLHL,巨龙在线,USD,2023-09-30,A,172424152,113025898,11223532,119084483,100225447,,13219524,1995992,,15.83668629606428,0.6906485061327139
JLHL,巨龙在线,USD,2022-09-30,A,97509479,74334757,4378426,66544180,56427414,,5154619,776193,,15.20308162186385,0.6824380632779301
DSY,大树云,USD,2024-06-30,A,8967937,13546734,640485,7323356,2422262,89968,589019,-51466,1.228507804345439,66.92415335264324,0.8166154601665913
DSY,大树云,USD,2023-06-30,A,12082933,11495100,279565,6293340,2663924,0,308331,28766,,57.67074399285595,0.5208453940777459
DSY,大树云,USD,2022-06-30,A,2430241,1977067,-1892581,1940378,846255,0,-2022836,-130255,,56.38710601748731,0.7984302791369251
HOLO,盟云全息,USD,2024-12-31,A,1614897211,31908797,-63322788,290297984,224851661,174394747,-61693585,2538650,60.07439135367885,22.54453237952903,0.1797625149282644
HOLO,盟云全息,USD,2023-12-31,A,160559203,19356260,-81382273,203548005,129296306,78655572,-85726904,-4138906,38.6422711438513,36.47871616329524,1.267744241356255
HOLO,盟云全息,USD,2022-12-31,A,282121901,85227575,-136750888,487938864,264679547,331274831,-137285041,-826140,67.89269218776556,45.75559224157229,1.729532029489621
HOLO,盟云全息,USD,2021-12-31,A,177418826,65119553,81244474,358649298,108623048,145346168,80449671,-794803,40.52598703260253,69.71329691547312,2.021483886946699
ZCMD,众巢医学,USD,2024-12-31,A,25884953,1733900,-643229,15864773,6952560,252451,61756,335169,1.591267646880292,56.17611421228656,0.6128955690976143
ZCMD,众巢医学,USD,2023-12-31,A,24416643,3378473,-11335911,19433945,10921753,514411,-11976999,-669760,2.646971574736884,43.80063852192645,0.7959302595364973
ZCMD,众巢医学,USD,2022-12-31,A,38614345,5595080,-2940891,14151516,7794852,411524,-2550006,272313,2.907985264617586,44.91860801344534,0.3664833884920228
ZCMD,众巢医学,USD,2021-12-31,A,36267420,3700998,238665,16296770,6857944,758878,-110753,-349418,4.656616004275694,57.91838505421627,0.44935013298437
DDL,叮咚买菜,USD,2025-09-30,Q,6946394000,5788720000,80341000,6662396000,4739839000,203447000,84709000,1816000,3.053661175348929,28.85684069214739,0.9591157656764071
DDL,叮咚买菜,USD,2025-06-30,Q,6758111000,5685068000,104711000,5975869000,4255182000,201822000,110991000,3804000,3.377282868817908,28.79392101801428,0.8842513832637552
DDL,叮咚买菜,USD,2025-03-31,Q,6909846000,5958509000,5615000,5479039000,3842106000,197969000,9575000,1558000,3.613206622548224,29.87627939863177,0.7929321434949491
DDL,叮咚买菜,USD,2024-12-31,Q,7117648000,6193632000,89183000,5905022000,4120793000,201632000,95423000,3829000,3.414585076905726,30.21545050975255,0.8296310803793613
DDL,叮咚买菜,USD,2024-09-30,Q,6873186000,6121899000,131043000,6538235000,4591429000,202412000,136480000,3074000,3.095820202241125,29.77571164083273,0.9512669961208674
YRD,宜人智科,USD,2025-09-30,Q,15450358000,5107481000,317637000,1574668000,149911000,91514000,373690000,56053000,5.811637754752113,90.47983447939502,0.101917897306975
YRD,宜人智科,USD,2025-06-30,Q,14449399000,4467005000,357540000,1674453000,160859000,107693000,425848000,63877000,6.43153316336738,90.39334039235499,0.1158839201547414
YRD,宜人智科,USD,2025-03-31,Q,13273959000,3520202000,247506000,1554526000,224738000,85954000,273981000,26346000,5.52927387512335,85.54298866664179,0.117110953860864
YRD,宜人智科,USD,2024-12-31,Q,12982696000,3440266000,331446000,1452193000,197232000,164703000,342588000,10702000,11.34167428158654,86.41833420213429,0.1118560428434895
YRD,宜人智科,USD,2024-09-30,Q,12457945000,3173092000,355442000,1499864000,205913000,150840000,400107000,44665000,10.05691182667229,86.27122192412112,0.1203941741595424
YRD,宜人智科,USD,2024-06-30,Q,,,,,,,,,,,
MFI,移动财经,USD,2024-12-31,A,58305411,22392839,-20210992,26085318,13783124,172810,-19429233,781759,0.6624799436985971,47.16137253914251,0.4473910320261699
MFI,移动财经,USD,2023-12-31,A,33851819,22108387,6628881,31961177,13995668,11373,6777190,148309,0.03558379592841653,56.21041114975209,0.9441494709634363
MFI,移动财经,USD,2022-12-31,A,34540203,24114305,6818599,34931827,16512702,80012,7206444,387845,0.229051861501547,52.7287765395151,1.011338207826978
MFI,移动财经,USD,2021-12-31,A,33343092,25860621,10349595,32212970,16260407,29478,10781225,431630,0.09150972418873515,49.52217383246562,0.966106262730523
NPT,网塑科技,USD,2025-06-30,A,138967733,104919675,-932621,797148640,792448090,,-737235,716897,,0.5896704534301156,5.736213887867049
NPT,网塑科技,USD,2024-06-30,A,89695076,57318539,953560,672662697,667845621,,3226425,716782,,0.7161205789296207,7.499438397264973
NPT,网塑科技,USD,2023-06-30,A,74910810,41829868,2022152,552526182,548992689,,2130692,42998,,0.6395159388121087,7.375787045955049
NPT,网塑科技,USD,2022-06-30,A,65412298,52582561,-558378,489432340,486912467,,-602317,0,,0.5148562516322481,7.482267936833529
NCTY,第九城市,USD,2024-12-31,A,636644000,209134000,-73424000,111714000,113318000,856000,-72520000,0,0.7662423689063144,-1.43580929874501,0.1754732629224496
NCTY,第九城市,USD,2023-12-31,A,363725000,182387000,20003000,174045000,213179000,1970000,-144277000,0,1.131891177569019,-22.4849895142061,0.478507113890989
NCTY,第九城市,USD,2022-12-31,A,599106683,571568330,-974859000,104929000,152307000,2433000,-693406000,0,2.3187107472672,-45.15243640938158,0.1751424295161802
NCTY,第九城市,USD,2021-12-31,A,1310318375,546862815,-411234755,135576323,87801249,1917562,-392692879,0,1.414378231809694,35.23850842303785,0.1034682300017353
MKDW,MKDWELL Tech Inc,USD,2024-12-31,A,8894657,14068607,-2517940,1998971,1833300,705680,-3156995,0,35.30216296284438,8.287814080344337,0.22473840194175
MKDW,MKDWELL Tech Inc,USD,2023-12-31,A,9171004,8836416,-1589628,3670722,2996990,780050,-2068061,0,21.25058775902942,18.35420933538416,0.4002530148280384
MKDW,MKDWELL Tech Inc,USD,2022-12-31,A,8132926,6598646,-1256278,3153486,2134376,721254,-1217086,0,22.87164109813711,32.31693433869692,0.3877431074621852
MKDW,MKDWELL Tech Inc,USD,2021-12-31,A,,,-1289946,3272140,2746849,889206,-1289946,0,27.17505974683235,16.05343903378217,
RERE,万物新生,USD,2025-09-30,Q,5297905000,1409488000,90817000,5149155000,4094190000,63823000,125160000,16883000,1.239484925196464,20.4881189243672,0.971922863849012
RERE,万物新生,USD,2025-06-30,Q,5200307000,1407618000,72336000,4991465000,3957556000,62467000,99676000,17312000,1.251476269992878,20.71353800938202,0.9598404478812501
RERE,万物新生,USD,2025-03-31,Q,5355709000,1613958000,77424000,4849323000,3905118000,56973000,56719000,-32341000,1.174865027551268,19.47086222138637,0.9054493065250558
RERE,万物新生,USD,2024-12-31,Q,5090721000,1396169000,77424000,4849323000,3905118000,56973000,56719000,-32341000,1.174865027551268,19.47086222138637,0.9525807837435993
RERE,万物新生,USD,2024-09-30,Q,4968990000,1359986000,17883000,4051238000,3242843000,53396000,30003000,-5949000,1.318016862993485,19.95427076858975,0.8153041161282273
TIGR,老虎证券,USD,2025-09-30,Q,9298466003,8482921758,53817668,175160244,51687633,,65108703,11148629,,70.49123030452047,0.01883754201429433
TIGR,老虎证券,USD,2025-06-30,Q,8567835807,7808417597,41430606,138720037,41227244,,49068847,7499742,,70.28025302501901,0.01619079078133879
TIGR,老虎证券,USD,2025-03-31,Q,7315517683,6612886234,30419125,122609963,39144725,,39135793,8549158,,68.07378124728739,0.0167602578946565
TIGR,老虎证券,USD,2024-12-31,Q,6391312469,5729188720,28050257,124101849,43258242,,37715232,9488084,,65.14295125449743,0.01941727142929334
TIGR,老虎证券,USD,2024-09-30,Q,6374595219,5830152172,17754294,101054080,32288591,,20825725,2907080,,68.04820646529066,0.01585262695563792
FUFU,BitFuFu Inc-A,USD,2025-09-30,Q,500340000,282189000,11543000,180671000,173517000,602000,12962000,1402000,0.3332023401652728,3.959683623824521,0.3610964544110005
FUFU,BitFuFu Inc-A,USD,2025-06-30,Q,467605000,265247000,47125000,115395000,102543000,387000,51536000,4395000,0.3353698167164955,11.13739763421292,0.2467787983447568
FUFU,BitFuFu Inc-A,USD,2025-03-31,Q,383965000,232944000,-16872000,78044000,71584000,364000,-18589000,-1775000,0.4664035672184921,8.277381989646866,0.2032581094631021
FUFU,BitFuFu Inc-A,USD,2024-12-31,Q,377678000,215216000,22332000,99161000,103065000,2264000,23497000,1165000,2.283155676122669,-3.937031695928843,0.2625543452358888
FUFU,BitFuFu Inc-A,USD,2024-09-30,Q,282545000,165531000,-5008000,90337000,89391000,2602000,-5944000,-936000,2.880325890831,1.047189966458926,0.3197260613353625
FUFU,BitFuFu Inc-A,USD,2024-06-30,Q,,,,,,,,,,,
MENS,健永生技,USD,2024-12-31,A,6366000,42885000,-3019000,0,,927000,-3019000,0,,,
MENS,健永生技,USD,2023-12-31,A,8248000,42321000,-4400000,0,,1071000,-4400000,0,,,
MENS,健永生技,USD,2022-12-31,A,8745000,38376000,-6630000,0,,1290000,-6630000,0,,,
MENS,健永生技,USD,2021-12-31,A,9432000,32757000,-4198000,0,,1559000,-4198000,0,,,
GDHG,金生游乐,USD,2024-09-30,A,98554454,14838836,-1796552,22333251,12328546,,322673,2119225,,44.79735171561006,0.2266082362954393
GDHG,金生游乐,USD,2023-09-30,A,82227433,21176675,6549584,31786802,12473050,,10789623,4240039,,60.76028661203476,0.3865717418176
GDHG,金生游乐,USD,2022-09-30,A,73085143,23477787,14328374,41788196,11622348,,20673337,6344963,,72.18748567179114,0.5717741566162086
GDHG,金生游乐,USD,2021-09-30,A,71762697,31964010,13580375,38517742,11687156,,18312178,4731803,,69.65773331157366,0.5367376591211448
MATH,龙运国际,USD,2025-03-31,A,246771615,210213086,15894755,44567257,23264964,,15894755,0,,47.79807965296137,0.1806012291972884
MATH,龙运国际,USD,2024-03-31,A,174718509,157867334,-3679409,16763545,11135797,,-3679409,0,,33.57134782648897,0.09594601680123083
MATH,龙运国际,USD,2023-03-31,A,56078490,47482359,-20556669,5692056,3671398,,-11701303,218035,,35.49961560462511,0.1015015917867974
MATH,龙运国际,USD,2022-03-31,A,24338739,10137067,-14439639,122711,75785,,-11226587,8061,,38.24107048267881,0.005041797769391422
MATH,龙运国际,USD,2021-03-31,A,,,,,,,,,,,
NEGG,新蛋,USD,2024-12-31,A,407321000,301229000,-43328000,1235576000,1104088000,,-44606000,-1278000,,10.64183830051733,3.033420815523874
NEGG,新蛋,USD,2023-12-31,A,499047000,369455000,-58990000,1496963000,1329406000,,-61672000,-2682000,,11.19312902189299,2.999643320168241
NEGG,新蛋,USD,2022-12-31,A,542095000,386873000,-57429000,1720273000,1503647000,,-43328000,14101000,,12.59253618466371,3.173379204751935
NEGG,新蛋,USD,2021-12-31,A,626582000,444300000,36262000,2376225000,2050249000,,30467000,-5795000,,13.71822954476112,3.792360776402769
BEKE,贝壳,USD,2025-09-30,Q,119295723000,51355666000,749283000,23052457000,18117374000,648280000,1297085000,550337000,2.812194812899987,21.40805641671949,0.1932379168362977
BEKE,贝壳,USD,2025-06-30,Q,123691043000,54851359000,1301071000,26010636000,20310846000,633442000,1718131000,411487000,2.435319151750076,21.913305003384,0.2102871426187262
BEKE,贝壳,USD,2025-03-31,Q,130612461000,61661122000,855767000,23328347000,18507455000,583610000,1382778000,527455000,2.501720331920646,20.66538190639911,0.1786073612072894
BEKE,贝壳,USD,2024-12-31,Q,133149283000,61701288000,569992000,31125107000,23954921000,738683000,1610217000,1032969000,2.3732705561462,23.03666297436343,0.2337609808984101
BEKE,贝壳,USD,2024-09-30,Q,122795712000,51902049000,1171073000,22584647000,17449914000,572932000,1671537000,503131000,2.536820699477835,22.73550257393883,0.1839204857576786
BEKE,贝壳,USD,2024-06-30,Q,,,,,,,,,,,
XNET,迅雷,USD,2025-09-30,Q,1831349000,234065000,550252000,125930000,65387000,21002000,550519000,469000,16.67751925672993,48.07670928293496,0.06876351804052641
XNET,迅雷,USD,2025-06-30,Q,1275364000,230192000,727590000,103545000,52320000,18422000,723591000,-3813000,17.79129846926457,49.47124438649863,0.08118858616050006
XNET,迅雷,USD,2025-03-31,Q,485860000,168635000,-800000,88454000,44350000,18743000,199000,1145000,21.18954484816967,49.86094467180682,0.1820565595027374
XNET,迅雷,USD,2024-12-31,Q,473901000,156116000,-9774000,83989000,40416000,18716000,-17954000,-8083000,22.28387050685209,51.87941278024503,0.1772289993057622
XNET,迅雷,USD,2024-09-30,Q,471984000,135212000,4595000,79838000,39380000,17744000,5711000,1335000,22.22500563641374,50.67511711215212,0.1691540391199702
XNET,迅雷,USD,2024-06-30,Q,,,,,,,,,,,
GSIW,一盈证券,USD,2025-03-31,A,15899405,9197002,-4317642,5402944,5147686,,-4274408,43234,,4.724424313855558,0.3398205152960126
GSIW,一盈证券,USD,2024-03-31,A,16583833,7298345,-4589478,1364542,3356569,,-4576119,13359,,-145.9850264777486,0.08228146050433575
GSIW,一盈证券,USD,2023-03-31,A,13130831,11183825,-207169,3157823,2304281,,-207693,-524,,27.02944401886996,0.2404891967614236
GSIW,一盈证券,USD,2022-03-31,A,10231883,10103181,-510905,2242256,2280823,,-510113,792,,-1.720008776874719,0.2191440226593678
GSIW,一盈证券,USD,2021-03-31,A,,,,,,,,,,,
LEDS,旭明光电,USD,2025-08-31,Q,15593000,12813000,-1194000,13225000,12996000,362000,-1194000,0,2.737240075614367,1.731568998109641,0.8481369845443468
LEDS,旭明光电,USD,2025-05-31,Q,23180000,19186000,223000,17651000,16712000,292000,223000,0,1.654297206957113,5.31981190867373,0.7614754098360655
LEDS,旭明光电,USD,2025-02-28,Q,23186000,19591000,388000,10872000,9869000,279000,388000,0,2.566225165562914,9.225533480500369,0.4689036487535582
LEDS,旭明光电,USD,2024-11-30,Q,10400000,8820000,-547000,1261000,1001000,221000,-547000,0,17.52577319587629,20.61855670103093,0.12125
LEDS,旭明光电,USD,2024-08-31,Q,11138000,8889000,-560000,1324000,1171000,217000,-562000,0,16.38972809667674,11.55589123867069,0.1188723289639073
LEDS,旭明光电,USD,2024-05-31,Q,,,,,,,,,,,
YXT,云学堂,USD,2024-12-31,Q,821936000,594706000,-77172000,89465000,30737000,25499000,-77172000,0,28.50164868943162,65.64354775610573,0.1088466741936112
YXT,云学堂,USD,2024-09-30,Q,871073000,582742000,-36240000,75969000,31366000,30834000,-36240000,0,40.58760810330529,58.71210625386671,0.08721312679878725
YXT,云学堂,USD,2024-06-30,Q,836480000,4471402000,-13680000,82540000,33272000,29720000,-13680000,0,36.00678458929004,59.68984734674098,0.09867540168324407
WAI,天成科技,USD,2024-12-31,A,41577529,5875504,-8679289,3750352,2420802,,-8092060,54531,,35.4513389676489,0.09020141625059055
WAI,天成科技,USD,2023-12-31,A,10238358,2833406,-2547668,5447879,1858523,,-2437205,115094,,65.88538401825737,0.5321047574230164
WAI,天成科技,USD,2022-12-31,A,5088029,3266044,-771483,3122324,957112,,-892596,-121113,,69.34616650930525,0.6136608105024559
WAI,天成科技,USD,2021-12-31,A,5878748,3081794,2308626,6294667,1356798,,3085847,777221,,78.44527756591413,1.070749588177619
BTCT,BTC Digital Ltd,USD,2024-12-31,Q,41130000,1213000,17000,4137000,3419000,,17000,0,,17.35557167029248,0.100583515681984
BTCT,BTC Digital Ltd,USD,2024-09-30,Q,25063000,4632000,-571000,2559000,2820000,,-571000,0,,-10.19929660023447,0.1021027011929937
BTCT,BTC Digital Ltd,USD,2024-06-30,Q,24661000,5069000,-704000,2329000,2543000,,-704000,0,,-9.188492915414342,0.09444061473581769
ZDAI,直订科技,USD,2025-03-31,A,15702285,6961069,-6981068,19275673,17596008,,-7100359,-119291,,8.713911052547944,1.227571210177372
ZDAI,直订科技,USD,2024-03-31,A,13367939,9078143,1091285,13464430,10695826,,1337894,246609,,20.56235577740759,1.007218090986202
ZDAI,直订科技,USD,2023-03-31,A,11659619,8461108,1167260,11143138,8965091,,1386904,219644,,19.54608297949824,0.9557034410815654
ZDAI,直订科技,USD,2022-03-31,A,6876944,4845693,1993605,10483094,7522902,,2351339,357734,,28.23777026133697,1.524382632750827
ZDAI,直订科技,USD,2021-03-31,A,,,,,,,,,,,
GMHS,家游控股,USD,2025-09-30,Q,48055614,12989233,1909189,27730376,13276705,1184320,1858297,12543,4.270840034769092,52.12216018996642,0.577047584908602
GMHS,家游控股,USD,2025-06-30,Q,,,,,,,,,,,
GMHS,家游控股,USD,2024-09-30,Q,,,1560023,29992967,14034397,1001192,1620372,50828,3.338089226050894,53.20770699344283,
GMHS,家游控股,USD,2024-06-30,Q,51280390,17235347,2554531,31632079,15410729,1052990,2426121,-124246,3.32886750820267,51.28132741448957,0.6168455232107244
LGHL,狮子集团控股,USD,2024-12-31,A,36367346,29170365,-27449496,-31287253,6108612,0,-27553660,1245,,119.5242835796418,-0.8603116928026587
LGHL,狮子集团控股,USD,2023-12-31,A,74544586,46132977,-5259008,17503317,9871082,7115,-5825991,1058,0.04064943804651427,43.60450650582401,0.2348033296475749
LGHL,狮子集团控股,USD,2022-12-31,A,86634384,59221719,-31563283,-6818053,8776225,4693995,-33971022,3419,-68.84656074102094,228.7203986240647,-0.07869915713834821
LGHL,狮子集团控股,USD,2021-12-31,A,148916831,94674249,22782,21435275,12125320,1205040,-772330,54367,5.621761325665288,43.4328694173506,0.1439412513418312
HIHO,骇维金属加工,USD,2025-09-30,Q,8370000,2395000,-373000,1180000,879000,,-472000,-100000,,25.50847457627118,0.1409796893667861
HIHO,骇维金属加工,USD,2025-03-31,Q,9554000,3287000,-315000,1487000,1182000,,-277000,38000,,20.51109616677875,0.1556416160770358
HIHO,骇维金属加工,USD,2024-12-31,Q,10431000,3936000,92000,1929000,1259000,,100000,0,,34.73302229134266,0.184929536957147
HIHO,骇维金属加工,USD,2024-09-30,Q,11044000,4277000,231000,2117000,1283000,,231000,0,,39.39537080774681,0.1916877942774357
HIHO,骇维金属加工,USD,2024-06-30,Q,10879000,4342000,98000,1879000,1218000,,93000,0,,35.17828632251197,0.1727180807059472
SFHG,星辉云印,USD,2024-12-31,A,163928527,91693931,-2660408,153493065,118166134,4537422,-1733905,926503,2.956108798791659,23.01532710940393,0.9363413910258584
SFHG,星辉云印,USD,2023-12-31,A,105314979,81971903,-3386868,117265596,85905732,5996144,-4281347,-894479,5.113301944075737,26.74259550090037,1.113474997701894
SFHG,星辉云印,USD,2022-12-31,A,103483056,77938206,3651536,129069177,101349653,709448,3651536,0,0.5496649289086271,21.47648621018169,1.247249375781867
SFHG,星辉云印,USD,2021-12-31,A,147381205,124314880,2808811,161500162,133593155,76306,3189908,381097,0.04724824981909306,17.27986316199485,1.095798897830968
YSXT,益盛鑫,USD,2025-03-31,A,41101177,13479281,4021848,71452736,64066148,240052,4699269,677421,0.3359591436778572,10.33772590597511,1.738459606643382
YSXT,益盛鑫,USD,2024-03-31,A,27870927,9236240,4565968,58546729,51583802,229934,5103739,537771,0.3927358606148603,11.89293939888597,2.100638023270629
YSXT,益盛鑫,USD,2023-03-31,A,20764576,5944815,4904550,49233547,42082297,254246,5939797,1035247,0.5164080499826673,14.52515700321165,2.371035507780173
YSXT,益盛鑫,USD,2022-03-31,A,20802446,10949455,3352078,30153704,25156807,278410,4010720,658642,0.9233028221010593,16.57142021424632,1.449526848909979
LOT,路特斯科技,USD,2025-09-30,Q,1858297000,3120809000,-65415000,137432000,126556000,37501000,-64703000,1642000,27.28694918214099,7.91373188194889,0.07395588541551754
LOT,路特斯科技,USD,2025-06-30,Q,2252104000,3354666000,-130215000,125503000,118786000,43703000,-119878000,14411000,34.8222751647371,5.352063297291698,0.05572700017405946
LOT,路特斯科技,USD,2025-03-31,Q,2266871000,3308082000,-182823000,92823000,81674000,48602000,-182193000,632000,52.35986770520238,12.01103174859679,0.04094763222080127
LOT,路特斯科技,USD,2024-12-31,Q,2285663000,3145889000,-439807000,271526000,301015000,47276000,-439912000,857000,17.41122397118508,-10.8604700838962,0.1187952904693299
LOT,路特斯科技,USD,2024-09-30,Q,2587224000,2964797000,-205799000,254708000,246505000,52671000,-205070000,800000,20.67897356973475,3.220550591265292,0.0984483755561946
LOT,路特斯科技,USD,2024-06-30,Q,,,,,,,,,,,
TJGC,TJGC Group Ltd,USD,2025-03-31,A,41598791,11917126,-26836426,30472131,23885710,,-26582692,253734,,21.61457300114652,0.7325244380299418
TJGC,TJGC Group Ltd,USD,2024-03-31,A,16245401,13524806,1899660,40654896,31491368,,2598910,699250,,22.53978954957848,2.502548013434695
TJGC,TJGC Group Ltd,USD,2023-03-31,A,18405624,14588982,2734011,47522667,38018221,,3511973,777962,,19.99981608776292,2.581964458254716
TJGC,TJGC Group Ltd,USD,2022-03-31,A,15523454,14440823,6789118,51348004,39306288,,7921089,1131971,,23.45118614542447,3.3077692632065
TJGC,TJGC Group Ltd,USD,2021-03-31,A,,,,,,,,,,,
NCEW,新世纪储运,USD,2024-09-30,A,18452852,12243880,220643,52176109,47932230,,394839,174196,,8.133759073525395,2.827536307124774
NCEW,新世纪储运,USD,2023-09-30,A,15797385,9809056,454415,36074004,32590022,,500386,45971,,9.657874407287864,2.283542750904659
NCEW,新世纪储运,USD,2022-09-30,A,22654555,11127051,6981680,75186129,63642469,,8327098,1345418,,15.35344371832203,3.318808469201889
NCEW,新世纪储运,USD,2021-09-30,A,25728432,12900557,5533921,71659463,61462851,,6565739,1031818,,14.22926097004104,2.78522464952392
EDTK,王道科技,USD,2025-03-31,A,15257761,1511786,-2979037,893690,194582,,-2925989,53048,,78.22712573711243,0.05857281418944758
EDTK,王道科技,USD,2024-03-31,A,36323083,14824526,-5185032,0,145753,,-5212305,-27273,,,
EDTK,王道科技,USD,2023-03-31,A,43642638,16688396,-2596023,1073036,189833,,-2468891,127132,,82.30879485869998,0.0245868730483249
EDTK,王道科技,USD,2022-03-31,A,73092885,22829600,-1400292,23050619,17673199,,-791672,608620,,23.32874444716647,0.3153606400951338
EDTK,王道科技,USD,2021-03-31,A,,,,,,,,,,,
HCAI,华谌科技,USD,2024-12-31,A,45852772,18007797,1495514,40944770,35226302,378793,1833808,322414,0.9251315857922758,13.96629655020653,0.8929617166874884
HCAI,华谌科技,USD,2023-12-31,A,53594254,26866832,1820960,34279022,28072748,457523,2017320,1220,1.334702606159534,18.10516647762005,0.6396025588862567
HCAI,华谌科技,USD,2022-12-31,A,47871752,22317052,4202401,20955188,12377970,434914,5510528,1806,2.075447855681371,40.93123860306097,0.4377359742338238
HCAI,华谌科技,USD,2021-12-31,A,57792502,35966481,-841092,8455287,5049048,,-1078831,11476,,40.28531497511557,0.1463042212638588
GOTU,高途,USD,2025-09-30,Q,5114738000,3702223000,-147121000,1579026000,535528000,162912000,-148481000,-1360000,10.31724620113918,66.08491563786791,0.3087207986020007
GOTU,高途,USD,2025-06-30,Q,5868499000,4264738000,-215994000,1389388000,472840000,148195000,-217127000,-1133000,10.66620699185541,65.9677498294213,0.2367535548698228
GOTU,高途,USD,2025-03-31,Q,5186892000,3252362000,123991000,1493043000,452461000,150455000,123432000,-559000,10.07707078764644,69.69538050813004,0.2878492553922464
GOTU,高途,USD,2024-12-31,Q,5828077000,3894613000,-135834000,1388621000,440279000,145050000,-135876000,-42000,10.44561475017301,68.29379650747036,0.238264010581878
GOTU,高途,USD,2024-09-30,Q,5208360000,3142091000,-471273000,1208253000,429791000,189305000,-464481000,6792000,15.66766231906728,64.42872477866804,0.2319833882450522
GOTU,高途,USD,2024-06-30,Q,,,,,,,,,,,
UTSI,UT斯达康,USD,2024-12-31,A,68200000,22974000,-4368000,10878000,7972000,5085000,-3685000,683000,46.74572531715389,26.71446957161243,0.1595014662756598
UTSI,UT斯达康,USD,2023-12-31,A,77480000,26097000,-3851000,15753000,11363000,5881000,-2577000,1274000,37.3325715736685,27.8677077382086,0.2033169850283944
UTSI,UT斯达康,USD,2022-12-31,A,89230000,31766000,-5002000,14052000,11385000,4762000,-2939000,2063000,33.88841446057501,18.97950469684031,0.1574806679367926
UTSI,UT斯达康,USD,2021-12-31,A,108279000,39928000,-5828000,15921000,16996000,6886000,-2534000,3294000,43.25105206959362,-6.752088436655988,0.1470368215443438
NOAH,诺亚控股,USD,2025-09-30,Q,11545942000,1647295000,218494000,632899000,126159000,,201682000,67471000,,80.0664877018292,0.05481570927690439
NOAH,诺亚控股,USD,2025-06-30,Q,11744882000,2083119000,178576000,629501000,299267000,,194984000,63690000,,52.45964660898076,0.05359789906786633
NOAH,诺亚控股,USD,2025-03-31,Q,11873712000,1718783000,148964000,614594000,122568000,,221998000,60605000,,80.05707833138625,0.05176089836101802
NOAH,诺亚控股,USD,2024-12-31,Q,11778845000,1766105000,109751000,651907000,526574000,,253177000,96612000,,19.22559506187232,0.05534557929915879
NOAH,诺亚控股,USD,2024-09-30,Q,11521125000,1718084000,134416000,683686000,137082000,,241987000,89036000,,79.94956749150926,0.0593419479434517
NOAH,诺亚控股,USD,2024-06-30,Q,,,,,,,,,,,
SVM,希尔威金属矿业,USD,2025-09-30,Q,1227858000,377434000,-11516000,83330000,42472000,,3881000,8606000,,49.0315612624505,0.06786615390379018
SVM,希尔威金属矿业,USD,2025-06-30,Q,1178185000,320947000,18126000,81334000,45511000,,30784000,6436000,,44.044311112204,0.06903330122179455
SVM,希尔威金属矿业,USD,2025-03-31,Q,1138941000,305553000,-7585000,75113000,48967000,,1570000,5197000,,34.80888794216713,0.06594986044053204
SVM,希尔威金属矿业,USD,2024-12-31,Q,1118185000,284143000,26130000,83614000,54384000,,38442000,7229000,,34.95826057837204,0.074776535188721
SVM,希尔威金属矿业,USD,2024-09-30,Q,981519000,155960000,17707000,68003000,36342000,,29469000,6415000,,46.55824007764363,0.0692834270146579
SVM,希尔威金属矿业,USD,2024-06-30,Q,,,,,,,,,,,
YDKG,Yueda Digital Holding-A,USD,2024-12-31,A,60220000,82226000,-13651000,343000,306000,0,-10598000,0,,10.78717201166181,0.005695782132182
YDKG,Yueda Digital Holding-A,USD,2023-12-31,A,72174000,93261000,-574000,845000,1376000,35000,124000,1000,4.142011834319527,-62.84023668639053,0.01170781721949733
YDKG,Yueda Digital Holding-A,USD,2022-12-31,A,115149000,101796000,-13335000,2673000,3114000,35000,-5966000,17000,1.309390198279087,-16.4983164983165,0.023213401766407
YDKG,Yueda Digital Holding-A,USD,2021-12-31,A,96035000,104969000,-17335000,9073000,12654000,365000,-19088000,284000,4.022925162570264,-39.46875344428524,0.09447597230176498
ZJYL,中进医疗,USD,2024-09-30,A,45800769,17248309,3675927,23502010,13999241,1497325,4183714,763879,6.371050816504631,40.43385650844332,0.5131357073939086
ZJYL,中进医疗,USD,2023-09-30,A,32903450,8924345,2878230,19821457,13036623,1542894,3221937,343707,7.783958565709876,34.2297440596824,0.602412725717212
ZJYL,中进医疗,USD,2022-09-30,A,20939534,5703843,2706527,19190541,12992023,1892532,2742638,36111,9.861795975423519,32.2998606448875,0.9164741201977084
ZJYL,中进医疗,USD,2021-09-30,A,21900965,7872080,2631706,20764273,14403137,1566860,2880347,248641,7.545942012995109,30.63500465438882,0.9480985426897856
STAK,斯塔克工业,USD,2025-06-30,A,26754505,13854759,-5712680,24914618,17224749,3269086,-5982642,-269962,13.12115642310872,30.86488823549292,0.931230759081508
STAK,斯塔克工业,USD,2024-06-30,A,18782721,8201772,2441774,18918847,13245171,1677456,2717963,276189,8.86658684855372,29.98954428882479,1.007247405740627
STAK,斯塔克工业,USD,2023-06-30,A,15002086,6881449,3460462,21146463,14385492,1371912,4175502,715040,6.487666518982395,31.9721127831165,1.409568176052317
STAK,斯塔克工业,USD,2022-06-30,A,7833906,6553511,1635995,8130212,5194404,417334,1917354,233000,5.13312567987157,36.10985789792444,1.037823532730671
ZEPP,华米科技,USD,2025-09-30,Q,586427000,360087000,-1616000,75789000,46866000,10802000,-1260000,117000,14.25272796843869,38.16253018248031,0.1292385923567639
ZEPP,华米科技,USD,2025-06-30,Q,548971000,323581000,-7740000,59406000,37915000,11157000,-6991000,242000,18.78093121906878,36.17648049018617,0.1082133664619807
ZEPP,华米科技,USD,2025-03-31,Q,518753000,286718000,-19741000,38537000,24176000,12377000,-19273000,110000,32.11718608090926,37.26548511819809,0.07428776315510464
ZEPP,华米科技,USD,2024-12-31,Q,528593000,275865000,-36876000,59542000,37613000,11061000,-20477000,13574000,18.57680292902489,36.82946491552181,0.1126424299981271
ZEPP,华米科技,USD,2024-09-30,Q,588794000,273252000,-13251000,42462000,25218000,10859000,-12794000,0,25.57345391173284,40.61042814752013,0.07211690336518375
SJ,思享无限,USD,2025-06-30,Q,1431803000,229846000,22583000,349032000,285353000,17437000,22435000,-272000,4.995817002452497,18.24445896078297,0.2437709656984934
SJ,思享无限,USD,2025-03-31,Q,1411530000,235274000,-9090000,307335000,247842000,19562000,-10078000,2880000,6.365041404330779,19.35770413392552,0.2177318229155597
SJ,思享无限,USD,2024-12-31,Q,1405185000,219869000,-3006000,350866000,285000000,32661000,-6165000,1355000,9.308681946954108,18.77240883984199,0.2496938125584887
SJ,思享无限,USD,2024-09-30,Q,1404733000,211736000,771000,321379000,259613000,18739000,1545000,3569000,5.830810351640898,19.2190528939352,0.228782978687053
SJ,思享无限,USD,2024-06-30,Q,1405811000,214848000,35340000,374840000,310117000,17534000,36456000,3035000,4.677729164443496,17.26683384910895,0.2666361267624169
DDC,日日煮,USD,2024-12-31,A,485217448,402946334,-170196454,273333957,195691265,,-149847421,7143653,,28.40579811311187,0.5633226054146346
DDC,日日煮,USD,2023-12-31,A,434349571,373692326,-166341733,205481904,154026591,0,-156970922,5004766,,25.04128684733231,0.4730795601499512
DDC,日日煮,USD,2022-12-31,A,255377773,1742877297,-122025640,179586066,135659197,0,-119132855,3115753,,24.46006529259347,0.7032172921329375
DDC,日日煮,USD,2021-12-31,A,228500964,1414798477,-454350226,205179442,168721834,233663,-457866566,816868,0.1138822670158154,17.76864565213117,0.8979368769752761
DOGZ,多尼斯,USD,2024-06-30,A,99200829,22789936,-6055713,14847902,11725188,610439,-6548249,-491600,4.111281176290092,21.03134840194931,0.1496751806378553
DOGZ,多尼斯,USD,2023-06-30,A,97871328,21526023,-7200263,17584454,13923166,931078,-8686923,-1227449,5.294892863889888,20.82116396676291,0.1796691059510299
DOGZ,多尼斯,USD,2022-06-30,A,100796722,12320746,3235559,27095197,16956132,917227,238264,-2777868,3.385201443635933,37.42015605201173,0.2688102992079445
DOGZ,多尼斯,USD,2021-06-30,A,93845408,28943003,1512364,24320121,15164908,540613,1940488,641460,2.222904236372837,37.6446030017696,0.2591508899401876
DXST,鼎信生态,USD,2024-10-31,A,11237029,6219720,2103357,11542292,8329880,28981,2484124,380767,0.2510853130383462,27.83166462952072,1.02716581046467
DXST,鼎信生态,USD,2023-10-31,A,5341535,2526881,1859613,9447334,6231712,122441,2176540,316927,1.296037591134176,34.03734852604978,1.76865526482556
DXST,鼎信生态,USD,2022-10-31,A,8362796,7340690,372435,3593702,1939813,60883,431449,59014,1.694158280235812,46.02187382259297,0.4297249388840766
DXST,鼎信生态,USD,2021-10-31,A,6789519,6051094,516894,3137945,1746458,81594,595506,78612,2.600236779165983,44.34389385409878,0.4621748609879433
INLF,因立夫,USD,2024-12-31,A,18467792,8201258,1606489,15796983,11242817,1563059,1621327,14838,9.894667861578379,28.82934038733852,0.8553801667248581
INLF,因立夫,USD,2023-12-31,A,16021243,7058238,1352511,12610873,8451336,1362058,1363859,11348,10.80066383984677,32.98373554313012,0.7871344938716678
INLF,因立夫,USD,2022-12-31,A,11002494,3164722,537555,6652308,4358426,504711,537132,-423,7.587005893292973,34.48249840506482,0.6046181892941728
INLF,因立夫,USD,2021-12-31,A,12949361,12597624,36589,6154873,4159632,416302,36417,-172,6.763778878946812,32.41725702544959,0.4753032215257572
XYF,小赢科技,USD,2025-09-30,Q,14688632000,6759888000,421241000,914690000,,,496798000,80176000,,,0.06227196651124488
XYF,小赢科技,USD,2025-06-30,Q,13687855000,5966953000,528016000,1003166000,,,665984000,110795000,,,0.0732887658438813
XYF,小赢科技,USD,2025-03-31,Q,12093005000,4657578000,458127000,741311000,,,555961000,116528000,,,0.06130080984833795
XYF,小赢科技,USD,2024-12-31,Q,11819289603,4866134961,385625765,728327547,,,490698096,150777714,,,0.06162193934355701
XYF,小赢科技,USD,2024-09-30,Q,11620287000,4723725000,375840000,623526000,,,520344000,100331000,,,0.05365839931492226
CLWT,欧陆科仪,USD,2024-12-31,A,20708000,4014000,734000,15383000,10929000,,917000,72000,,28.95404017421829,0.7428530036700792
CLWT,欧陆科仪,USD,2023-12-31,A,22120000,5640000,1828000,17940000,14079000,,1695000,45000,,21.52173913043478,0.8110307414104883
CLWT,欧陆科仪,USD,2022-12-31,A,19363000,4557000,369000,14949000,10331000,,563000,24000,,30.89169844136731,0.7720394566957599
CLWT,欧陆科仪,USD,2021-12-31,A,21250000,6449000,989000,21388000,15693000,,1276000,-90000,,26.62708060594726,1.006494117647059
ATXG,盈喜集团,USD,2025-09-30,Q,28206975,2334073,-102837,820692,595545,,-831788,70,,27.43379976897545,0.02909535673357388
ATXG,盈喜集团,USD,2025-06-30,Q,48984391,23824812,-392438,980954,974895,,-391674,764,,0.6176640290982044,0.02002584864227464
ATXG,盈喜集团,USD,2025-03-31,Q,49167337,27435529,-2065834,929041,908839,,-2065847,-13,,2.174500371888862,0.01889549153333238
ATXG,盈喜集团,USD,2024-12-31,Q,49566926,25754903,-1085721,1059362,976543,,-1082605,3116,,7.817818649337998,0.02137235623609178
ATXG,盈喜集团,USD,2024-09-30,Q,50631962,25841783,-721532,1112899,641819,,-546585,1062,,42.32908826407428,0.02198016738912863
ATXG,盈喜集团,USD,2024-06-30,Q,,,,,,,,,,,
AIIO,Robo.ai Inc-B,USD,2024-12-31,A,41465000,108032000,-172535000,11995000,9327000,4479000,-172726000,0,37.34055856606919,22.24260108378491,0.2892801157602797
AIIO,Robo.ai Inc-B,USD,2023-12-31,A,166250000,105316000,-265294000,37333000,49014000,24434000,-266695000,0,65.44879864998795,-31.28867222028768,0.2245593984962406
AIIO,Robo.ai Inc-B,USD,2022-12-31,A,347272000,75384000,-47705000,0,0,15900000,-48243000,0,,,
AIIO,Robo.ai Inc-B,USD,2021-12-31,A,13899701,69387516,-12389000,0,0,725000,-13065000,0,,,
AMBO,安博教育,USD,2025-06-30,Q,23194000,14573000,1775000,2766000,1291000,102000,1822000,47000,3.68763557483731,53.32610267534346,0.1192549797361387
AMBO,安博教育,USD,2024-12-31,Q,,,,,,,,,,,
AMBO,安博教育,USD,2024-06-30,Q,17575000,10931000,123000,2399000,1064000,75000,129000,6000,3.126302626094206,55.64818674447687,0.1365007112375533
IQ,爱奇艺,USD,2025-09-30,Q,45787782000,32454569000,-248932000,6682385000,5467033000,412137000,-206896000,40040000,6.167513544939419,18.18739866080748,0.1459425354999725
IQ,爱奇艺,USD,2025-06-30,Q,46364713000,32854343000,-133708000,6628248000,5292894000,421918000,-108065000,27155000,6.365452831577817,20.146409729992,0.1429588920349836
IQ,爱奇艺,USD,2025-03-31,Q,47119075000,33481655000,182145000,7186469000,5406341000,412489000,227220000,41590000,5.739800728285338,24.77055143492583,0.15251719181669
IQ,爱奇艺,USD,2024-12-31,Q,45760525000,32386761000,-189355000,6613417000,4994165000,451359000,-180755000,6233000,6.824898535809855,24.48434750145046,0.1445223148117291
IQ,爱奇艺,USD,2024-09-30,Q,44830040000,31551380000,229412000,7245681000,5649836000,449039000,247315000,11483000,6.197333280336244,22.02477586302792,0.1616255751723621
YAAS,有信云,USD,2024-09-30,A,958138,3672395,-1280661,521241,179648,1139922,-1275449,5212,218.6938479513315,65.53456078857957,0.544014536528141
YAAS,有信云,USD,2023-09-30,A,1015358,2376898,-2343238,895978,352676,2152602,-2343238,0,240.2516579648161,60.63787280491262,0.8824257060071423
YAAS,有信云,USD,2022-09-30,A,3034123,13668225,-6456883,1277066,581339,5257256,-6456883,0,411.6667423610056,54.4785469192665,0.4209011961611313
YAAS,有信云,USD,2021-09-30,A,9129663,13596968,-4170884,1106860,457343,3150740,-4170884,0,284.6556926801944,58.68104367309326,0.1212377718651828
GRRR,大猩猩科技,USD,2025-09-30,Q,266445539,68186576,-28249,26477414,16600038,825159,1412662,1440911,3.116463715074289,37.3049120280402,0.09937270520412053
GRRR,大猩猩科技,USD,2025-06-30,Q,162746054,64565060,-3944753,21066840,14026387,655899,-4425564,-480811,3.113419003514528,33.41959686407643,0.1294460878295703
GRRR,大猩猩科技,USD,2025-03-31,Q,155763730,56152980,-4558307,18258999,11850617,570240,-3761285,797022,3.123062770308493,35.09711567430394,0.1172224047279813
GRRR,大猩猩科技,USD,2024-12-31,Q,153795982,80692129,-58624718,33944429,23815807,565381,-62148698,-3523980,1.665607631814929,29.83883452568903,0.2207107660328863
GRRR,大猩猩科技,USD,2024-09-30,Q,,,-7781486,20054910,10554363,394980,-5706211,2075275,1.969492757633916,47.37267332538516,
EBON,亿邦国际,USD,2024-12-31,A,275803983,15443585,-20251051,5868771,4679085,,-20908714,-42545,,20.27146739922209,0.02127877536851961
EBON,亿邦国际,USD,2023-12-31,A,298239648,16917304,-36772143,4855181,21558986,,-39065049,-1031461,,-344.0408297857485,0.01627946194464393
EBON,亿邦国际,USD,2022-12-31,A,344165084,22377203,-43888242,32328119,16915795,,-45830170,-72933,,47.67466984392132,0.09393201258033484
EBON,亿邦国际,USD,2021-12-31,A,385864171,16884806,4430941,51450247,22227055,,2388978,-378843,,56.79893431804127,0.1333377153589106
CMCM,猎豹移动,USD,2025-09-30,Q,4980646000,2795273000,-10974000,287369000,73005000,67962000,9802000,13506000,23.64973257379884,74.59538085179682,0.05769713406654478
CMCM,猎豹移动,USD,2025-06-30,Q,5240169000,3074717000,-22643000,295218000,70426000,67083000,-12578000,3865000,22.72320793447554,76.14440853877473,0.0563374959853394
CMCM,猎豹移动,USD,2025-03-31,Q,4903482000,2716491000,-33357000,259006000,69505000,61244000,-23289000,4820000,23.64578426754592,73.16471433094213,0.05282083221677983
CMCM,猎豹移动,USD,2024-12-31,Q,5504301000,3297175000,-366784000,237089000,64317000,65506000,-311807000,51064000,27.62928689226409,72.87221254465622,0.04307340750442245
CMCM,猎豹移动,USD,2024-09-30,Q,5433444000,2927018000,-46897000,192083000,61714000,66269000,-39449000,2387000,34.50019002202173,67.87118068751529,0.03535197933391786
WRD,文远知行,USD,2025-09-30,Q,7021836000,805497000,-307257000,170982000,114683000,316368000,-305729000,1528000,185.0300031582272,32.92685779789685,0.02435004178394369
WRD,文远知行,USD,2025-06-30,Q,7145853000,682097000,-406445000,127178000,91474000,318918000,-405009000,1436000,250.7650694302474,28.07403796254069,0.0177974553912598
WRD,文远知行,USD,2025-03-31,Q,7312358000,578179000,-385072000,72437000,47082000,325717000,-384631000,441000,449.6555627648854,35.00283004541878,0.009906106894656963
WRD,文远知行,USD,2024-12-31,Q,7693770000,627751000,-592441000,140822000,89460000,319987000,-589764000,2677000,227.2279899447529,36.47299427646249,0.01830338052736175
WRD,文远知行,USD,2024-09-30,Q,4642548000,9024974000,-1042667000,70014000,65450000,254160000,-1041067000,1600000,363.0131116633816,6.51869626074785,0.01508094262030247
WRD,文远知行,USD,2024-06-30,Q,,,,,,,,,,,
ZLAB,再鼎医药,USD,2025-09-30,Q,1158940000,398995000,-35963000,116095000,46883000,47928000,-35963000,0,41.28343167233731,59.61669322537577,0.1001734343451775
ZLAB,再鼎医药,USD,2025-06-30,Q,1164101000,372366000,-40727000,109977000,43220000,50614000,-40727000,0,46.02235012775399,60.70087381907125,0.09447376129734447
ZLAB,再鼎医药,USD,2025-03-31,Q,1173330000,362577000,-48438000,106487000,38647000,60729000,-48438000,0,57.02949655826532,63.70730699522007,0.09075622373927199
ZLAB,再鼎医药,USD,2024-12-31,Q,1185753000,344855000,-81684000,109070000,42091000,52252000,-81684000,0,47.9068488126891,61.40918676079582,0.0919837436633093
ZLAB,再鼎医药,USD,2024-09-30,Q,985346000,317677000,-41671000,102265000,36917000,65982000,-41671000,0,64.52060822373245,63.90065027135383,0.1037858782600224
ZLAB,再鼎医药,USD,2024-06-30,Q,,,,,,,,,,,
HUYA,虎牙,USD,2025-09-30,Q,6836447000,1782315000,9556000,1688251000,1461627000,121942000,11149000,508000,7.222978099820465,13.42359637281423,0.2469485977145731
HUYA,虎牙,USD,2025-06-30,Q,6647541000,1602230000,-5491000,1567089000,1354771000,122156000,3259000,7388000,7.795090132085669,13.54856041998891,0.2357396516997789
HUYA,虎牙,USD,2025-03-31,Q,9215911000,4055062000,927000,1508585000,1320102000,129525000,4852000,3248000,8.58586025977986,12.49402585866888,0.1636935295924624
HUYA,虎牙,USD,2024-12-31,Q,9567811000,2017132000,-172203000,1495827000,1325364000,123313000,-169069000,3134000,8.243800920828411,11.39590340326789,0.1563395221749259
HUYA,虎牙,USD,2024-09-30,Q,11324376000,3699204000,23613000,1537659000,1334085000,125508000,26726000,3113000,8.16227785224162,13.23921623715011,0.1357831106985498
HUYA,虎牙,USD,2024-06-30,Q,,,,,,,,,,,
NIU,小牛电动,USD,2025-09-30,Q,3394464162,2405744952,81687224,1693922867,1324115671,43403871,81498811,-188413,2.562328654129917,21.83140703773261,0.4990251144681256
NIU,小牛电动,USD,2025-06-30,Q,3094050071,2190409661,5880484,1255706686,1003227265,43716913,-6667516,-12548000,3.481458965489653,20.1065602194301,0.4058456253728804
NIU,小牛电动,USD,2025-03-31,Q,2507772629,1610797600,-38844720,681988452,563907241,29801606,-41092104,-2247384,4.369810942194664,17.31425373167462,0.2719498746072326
NIU,小牛电动,USD,2024-12-31,Q,2613158167,1681875947,-72538069,819179677,717195572,38622708,-82336895,-9798826,4.714803001637454,12.44954041993403,0.3134826231894137
NIU,小牛电动,USD,2024-09-30,Q,2827153893,1839471020,-40946493,1023896776,882352543,30299955,-49533191,-8586698,2.959278289591958,13.82407253521814,0.3621652073964408
PTLE,长安能源,USD,2024-12-31,A,12575929,11961785,-4976716,98133646,95725710,,-4749581,227135,,2.453731312500098,7.803291987415006
PTLE,长安能源,USD,2023-12-31,A,11036157,9686124,936120,102106509,100190534,,1095460,159340,,1.876447465263943,9.251998589726478
PTLE,长安能源,USD,2022-12-31,A,9637904,9223991,391109,74817208,73703892,,397672,6563,,1.488048043706737,7.762809009095753
TUYA,涂鸦智能,USD,2025-09-30,Q,1126850000,127612000,14972000,82487000,42685000,22775000,15233000,261000,27.6104113375441,48.25245190151175,0.07320140213870524
TUYA,涂鸦智能,USD,2025-06-30,Q,1104118000,93734000,12587000,80130000,41384000,22373000,13222000,635000,27.92087857231998,48.35392487208286,0.07257376476065058
TUYA,涂鸦智能,USD,2025-03-31,Q,1118403000,128386000,11017000,74687000,38436000,22810000,11754000,737000,30.54079023123168,48.53722870111265,0.0667800426143349
TUYA,涂鸦智能,USD,2024-12-31,Q,1103780000,96332000,9785000,82059000,42821000,23705000,10309000,524000,28.88775149587492,47.81681473086438,0.07434361919947816
TUYA,涂鸦智能,USD,2024-09-30,Q,1115703000,125954000,-4373000,81617000,44102000,24877000,-4000000,373000,30.48016957251553,45.96468872906379,0.07315298067675717
LSE,雷神能源,USD,2024-09-30,A,69634050,29178537,8095871,69073374,53038855,449542,8175034,184818,0.6508180706504941,23.21374803553103,0.9919482494555465
LSE,雷神能源,USD,2023-09-30,A,65457129,33698554,11858590,73084448,54705407,158657,12364226,729506,0.2170872249045378,25.14767710908893,1.116523885427361
LSE,雷神能源,USD,2022-09-30,A,46487563,16843857,5722076,46716505,33180970,0,7736139,1978217,,28.97377490032698,1.004924801069912
LSE,雷神能源,USD,2021-09-30,A,43873981,17844235,4655380,31257412,22233046,,5845093,1257727,,28.87112343146003,0.7124361931049749
TME,腾讯音乐,USD,2025-09-30,Q,104866000000,19433000000,2153000000,8463000000,4781000000,,2689000000,477000000,,43.5070306038048,0.08070299239028855
TME,腾讯音乐,USD,2025-06-30,Q,107873000000,21498000000,2409000000,8442000000,4693000000,,2982000000,515000000,,44.40890784174366,0.07825869309280357
TME,腾讯音乐,USD,2025-03-31,Q,98084000000,22885000000,4291000000,7356000000,4114000000,,4834000000,446000000,,44.07286568787384,0.07499694139716977
TME,腾讯音乐,USD,2024-12-31,Q,90444000000,20718000000,1957000000,7458000000,4205000000,,2499000000,423000000,,43.61759184768034,0.08245986466763965
TME,腾讯音乐,USD,2024-09-30,Q,84613000000,19384000000,1583000000,7015000000,4024000000,,2076000000,367000000,,42.63720598717035,0.08290688192121778
BAOS,宝盛,USD,2024-12-31,A,21247962,6424204,-26871234,624087,433488,,-26871234,0,,30.54045349446471,0.02937161691083597
BAOS,宝盛,USD,2023-12-31,A,48827742,6467631,-1845170,921834,308395,,-1845170,0,,66.54549517592105,0.01887930840627445
BAOS,宝盛,USD,2022-12-31,A,58046415,12609790,-23738837,2415098,2446941,,-23738837,0,,-1.31849722040265,0.04160632486950314
BAOS,宝盛,USD,2021-12-31,A,94080133,20018844,-6747453,3911560,2077516,,-6747453,0,,46.8877890151244,0.0415768970054496
LU,陆金所控股,USD,2024-09-30,Q,206449110000,120108859000,-874806000,4387486000,,,-718356000,6898000,,,0.02125214296152694
LU,陆金所控股,USD,2024-06-30,Q,216930102000,134253699000,-792072000,4585992000,,,-364488000,365503000,,,0.02114041323780874
CNEY,中北能,USD,2024-09-30,A,98362506,1450089,-14040769,50957974,51139085,135146,-14049694,-8925,0.2652107008806904,-0.3554124816657742,0.5180629903837546
CNEY,中北能,USD,2023-09-30,A,126195222,22632988,-5625740,57899096,57110446,988559,-5847862,-222122,1.707382443415006,1.362111076829248,0.4588057699997548
CNEY,中北能,USD,2022-09-30,A,94941872,31159546,2229708,40205586,36563945,1032378,2543981,314273,2.5677476756588,9.057549863842302,0.4234758084399263
CNEY,中北能,USD,2021-09-30,A,68963140,6284188,1296360,19846921,17230306,385525,1733709,437349,1.942492742325119,13.18398455861239,0.2877902746307665
GURE,海湾资源,USD,2025-09-30,Q,131907547,24445851,-35664512,9044581,7996785,,-35664512,0,,11.58479314851622,0.06856757786573046
GURE,海湾资源,USD,2025-06-30,Q,164631573,22416748,-773777,8343785,7357130,,-773777,0,,11.82502904856729,0.05068156033472389
GURE,海湾资源,USD,2025-03-31,Q,165729939,23145112,-4629500,1604447,1594270,,-4629500,0,,0.6342995437057128,0.00968109328755621
GURE,海湾资源,USD,2024-12-31,Q,169455995,25749325,-18352519,1728414,12323865,,-13122470,5230049,,-613.0158052411053,0.01019978077494396
GURE,海湾资源,USD,2024-09-30,Q,193885294,27360176,-3492883,2242365,4071616,,-4596580,-1103697,,-81.57686192925773,0.01156542073789258
GURE,海湾资源,USD,2024-06-30,Q,,,,,,,,,,,
ZKIN,正康国际,USD,2024-09-30,A,79986873,51670367,-2781916,108199877,101652681,1196746,-2771460,12106,1.106051164919531,6.05101981770275,1.352720427013067
ZKIN,正康国际,USD,2023-09-30,A,58668977,33430185,-61060794,111599686,110303270,1274337,-61750245,-459855,1.141882245080869,1.161666350925038,1.902192465363765
ZKIN,正康国际,USD,2022-09-30,A,128923580,43859199,-6081413,102391636,94796037,987186,-7395110,-1340844,0.964127577764262,7.41818306331193,0.794204101375404
ZKIN,正康国际,USD,2021-09-30,A,133662301,44537949,-3799514,99407217,92936029,1234161,-4354417,-552146,1.241520522599481,6.509776850507746,0.7437191807733431
RDAC,龙腾收购,USD,2025-06-30,Q,59640556,1892733,398981,0,,,398981,,,,
RDAC,龙腾收购,USD,2025-03-31,Q,59239962,1891120,453867,0,,,453867,,,,
RDAC,龙腾收购,USD,2024-12-31,Q,,,307763,0,,,307763,,,,
RDAC,龙腾收购,USD,2024-09-30,Q,157186,182436,-11390,0,,,-11390,,,,
RDAC,龙腾收购,USD,2024-06-30,Q,182186,196046,-10000,0,,,-10000,,,,
BILI,哔哩哔哩,USD,2025-09-30,Q,39933106000,25041457000,470230000,7685461000,4867533000,904537000,454641000,-14760000,11.76945664027181,36.66569903874341,0.1924583827764362
BILI,哔哩哔哩,USD,2025-06-30,Q,38793783000,24638025000,219002000,7337690000,4661844000,866414000,244640000,26357000,11.80772150363398,36.4671442920047,0.1891460288881855
BILI,哔哩哔哩,USD,2025-03-31,Q,33280490000,18900142000,-9102000,7003248000,4464150000,841477000,911000,11588000,12.01552479649443,36.25600578474445,0.2104310363218811
BILI,哔哩哔哩,USD,2024-12-31,Q,32698500000,18594587000,89960000,7734161000,4945945000,919321000,65401000,-23533000,11.88649938888006,36.05065888853361,0.23652953499396
BILI,哔哩哔哩,USD,2024-09-30,Q,32021300000,18298184000,-79515000,7305620000,4758434000,906072000,-88224000,-8419000,12.40239705870275,34.86611677037678,0.2281487634793091
BILI,哔哩哔哩,USD,2024-06-30,Q,,,,,,,,,,,
PONY,小马智行,USD,2025-09-30,Q,900666000,88674000,-61315000,25442000,20773000,60384000,-61571000,-1000,237.3398317742316,18.35154468988287,0.0282479853797079
PONY,小马智行,USD,2025-06-30,Q,991046000,126781000,-53098000,21455000,17992000,49030000,-53262000,1000,228.5248193894197,16.14075972966674,0.02164884374690983
PONY,小马智行,USD,2025-03-31,Q,972336000,54990000,-42988000,13979000,11663000,47486000,-37377000,0,339.6952571714715,16.56770870591602,0.01437671751328759
PONY,小马智行,USD,2024-12-31,Q,1050821000,82110000,-180914000,35516000,28060000,147840000,-181118000,0,416.2630926906183,20.99335510755716,0.03379833482581715
PONY,小马智行,USD,2024-09-30,Q,,,-41890000,14789000,13428000,33614000,-42114000,-1000,227.290553789979,9.202785854351207,
ECX,亿咖通科技,USD,2025-09-30,Q,507400000,800700000,400000,219900000,172300000,25900000,800000,-100000,11.77808094588449,21.64620281946339,0.4333858888450926
ECX,亿咖通科技,USD,2025-06-30,Q,494944000,790217000,-43160463.228613,154994428.233156,138378157.988931,33746550.042677,-43727780.307828,1804195.82037,21.77275043197845,10.72055972181746,0.3131554847278803
ECX,亿咖通科技,USD,2025-03-31,Q,583812880.310581,813141881.659737,-25895536.771387,168286571.766844,134901842.011069,34582449.957323,-26859219.692172,247804.17963,20.54973821989549,19.83802356020928,0.2882542976395411
ECX,亿咖通科技,USD,2024-12-31,Q,516586211.147792,755609649.182888,62846.154094,245485503.45685,193378908.210176,41705552.793149,11169.605649,74665.01118,16.98900839596003,21.22593575299773,0.4752072319379392
ECX,亿咖通科技,USD,2024-09-30,Q,542560928.653937,785020606.648318,-45200000,198200000,164000000,47800000,-47100000,100000,24.11705348133199,17.25529767911201,0.3653045944383113
FINV,信也科技,USD,2025-09-30,Q,26291053000,9576181000,624289000,3486607000,757822000,139029000,776459000,135738000,3.987515656338669,78.26477145258987,0.1326157229229274
FINV,信也科技,USD,2025-06-30,Q,25647096000,9504903000,746997000,3577951000,674544000,128974000,929983000,178670000,3.604688828885583,81.14719849433378,0.1395070615402227
FINV,信也科技,USD,2025-03-31,Q,24430169000,8634053000,746406000,3481041000,620465000,126041000,891572000,153931000,3.620784702047462,82.17587784803455,0.142489435910165
FINV,信也科技,USD,2024-12-31,Q,23607121000,8053446000,680705000,3476061000,683351000,126257000,813865000,133110000,3.632185971419949,80.34122531221402,0.1472462906425565
FINV,信也科技,USD,2024-09-30,Q,22778572000,7892305000,623595000,3276051000,603071000,130736000,745742000,121666000,3.990658265088059,81.59152589504865,0.1438216144541458
FINV,信也科技,USD,2024-06-30,Q,,,,,,,,,,,
ANL,阿诺医药集团,USD,2024-12-31,A,71270000,45785000,-51869000,0,,44915000,-51869000,0,,,
ANL,阿诺医药集团,USD,2023-12-31,A,130189000,55143000,-109228000,0,,58152000,-109228000,0,,,
ANL,阿诺医药集团,USD,2022-12-31,A,72594000,313887000,-58790000,0,,54490000,-58790000,0,,,
ANL,阿诺医药集团,USD,2021-12-31,A,131685000,317113000,-56678000,45726000,,42105000,-56678000,0,92.08109172024669,,0.3472377263925276
ZYBT,正业生物,USD,2024-12-31,A,493247000,140707000,11311000,186356000,95061000,12794000,14394000,924000,6.865354482817833,48.98956835304471,0.3778147662327394
ZYBT,正业生物,USD,2023-12-31,A,499888000,160616000,31457000,211651000,94143000,11901000,43762000,6253000,5.622935870843984,55.51969988329844,0.4233968408923599
ZYBT,正业生物,USD,2022-12-31,A,519674000,162807000,46735000,260269000,112390000,13424000,63914000,8172000,5.157740645255485,56.81775393919368,0.5008312903858958
ZYBT,正业生物,USD,2021-12-31,A,445279000,126442000,38959000,214067000,88674000,11370000,53066000,6599000,5.311421190561833,58.57652043519085,0.480748025395314
NCI,Neo-Concept International Group,USD,2024-12-31,A,135647692,78821221,8063331,235667734,186223181,,9149240,1085909,,20.98062053755734,1.737351594599929
NCI,Neo-Concept International Group,USD,2023-12-31,A,90616829,93003639,4414733,174202627,139154316,,5739870,1325137,,20.11927810939384,1.92240921385585
NCI,Neo-Concept International Group,USD,2022-12-31,A,41873337,102548933,12400516,347451568,305616607,,15380434,2979918,,12.04051581658138,8.297680406985476
NCI,Neo-Concept International Group,USD,2021-12-31,A,40226914,115817188,5450515,240536527,217943422,,7192797,1742282,,9.392795880851809,5.979492411473572
DOYU,斗鱼,USD,2025-09-30,Q,3106417000,1102445000,11329000,899111000,783022000,26888000,19679000,6662000,2.990509514398111,12.91153150167221,0.2894366725394562
DOYU,斗鱼,USD,2025-06-30,Q,3210057000,1205026000,37829000,1053915000,911975000,27611000,42892000,8151000,2.619850746976748,13.46787928817789,0.3283165999856077
DOYU,斗鱼,USD,2025-03-31,Q,3202082000,1230431000,-79612000,947051000,833543000,32749000,-74297000,5134000,3.457997510165768,11.98541578014278,0.2957610079941738
DOYU,斗鱼,USD,2024-12-31,Q,5446333214,1236243988,-173092286,1135999456,1066208974,34150080,-168609606,6463551,3.006170453659091,6.143531287043151,0.2085806011795003
DOYU,斗鱼,USD,2024-09-30,Q,5506137000,1220180000,3404000,1063101000,1002282000,43243000,10830000,6432000,4.067628569627909,5.720905163291165,0.1930756535843551
PT,品钛,USD,2024-12-31,A,103440000,498559000,-15454000,35142000,12840000,2269000,-14091000,685000,6.456661544590518,63.46252347618234,0.3397331786542924
PT,品钛,USD,2023-12-31,A,113197000,493076000,-78762000,52717000,38191000,123000,-95155000,-13901000,0.233321319498454,27.5546787563784,0.4657102220023499
PT,品钛,USD,2022-12-31,A,528871000,776008000,-190183000,74568000,62688000,15960000,-194035000,2522000,21.40328290955906,15.93176697779208,0.1409946849042583
PT,品钛,USD,2021-12-31,A,761233000,826262000,-101729000,173240000,89720000,22714000,-101948000,6872000,13.11129069498961,48.21057492495959,0.227578152812608
NTCL,网班,USD,2024-09-30,A,7228724,4166469,-1477813,10101647,7786717,2515015,-1303413,86311,24.89707866449897,22.91636205462337,1.397431552235222
NTCL,网班,USD,2023-09-30,A,6541163,2097344,162229,11089528,8729856,567809,419560,257331,5.120226938423349,21.27838082919309,1.695345002104366
NTCL,网班,USD,2022-09-30,A,4353771,1942742,132687,9257607,6216774,828311,64151,-68536,8.947355401887334,32.84685772467982,2.126342198521695
NTCL,网班,USD,2021-09-30,A,4218006,1691563,1066546,11557513,7580167,406754,1229986,163481,3.519390374036352,34.41351093440258,2.740041858641263
PDD,拼多多,USD,2025-09-30,Q,613724318000,222321342000,29328184000,108276512000,46840159000,4332173000,33277583000,3986686000,4.001027480456703,56.74024021017596,0.1764253245705672
PDD,拼多多,USD,2025-06-30,Q,567156296000,205292640000,30753457000,103984832000,45858933000,3591279000,35535283000,4818923000,3.453656587145325,55.89844007249057,0.1833442258040278
PDD,拼多多,USD,2025-03-31,Q,530513245000,200811846000,14741829000,95672175000,40947100000,3577828000,19327840000,4480831000,3.739674571002488,57.20061762994308,0.1803388999269943
PDD,拼多多,USD,2024-12-31,Q,505034316000,191721192000,27446637000,110610106000,47798376000,3777178000,32412708000,5082796000,3.414857951587173,56.78661043865196,0.2190150302578647
PDD,拼多多,USD,2024-09-30,Q,466793869000,188288949000,24980694000,99354401000,39709214000,3063353000,29179801000,4201620000,3.083258485952726,60.03275788457524,0.2128442715257685
PDD,拼多多,USD,2024-06-30,Q,,,,,,,,,,,
AXG,华赢控股,USD,2025-03-31,A,12308000,7577000,-8538000,2865000,2705000,,-8519000,19000,,5.584642233856894,0.2327754306142346
AXG,华赢控股,USD,2024-03-31,A,15401000,6477000,-4556000,4320000,1210000,,-4401000,155000,,71.99074074074075,0.2805012661515486
AXG,华赢控股,USD,2023-03-31,A,10227000,6886000,1349000,4453000,1265000,,1349000,0,,71.5921850437907,0.4354160555392588
AXG,华赢控股,USD,2022-03-31,A,9459000,7459000,-979000,3257000,2314000,,-979000,0,,28.9530242554498,0.3443281530817211
AXG,华赢控股,USD,2021-03-31,A,,,,,,,,,,,
QFIN,奇富科技,USD,2025-09-30,Q,61449065000,37146888000,1435973000,4351626000,,,1831295000,398834000,,,0.07081679761929657
QFIN,奇富科技,USD,2025-06-30,Q,59754951000,35647490000,1733994000,4328564000,,,2172001000,441521000,,,0.07243858337361869
QFIN,奇富科技,USD,2025-03-31,Q,55627168000,32511226000,1800175000,4059182000,,,2220230000,423631000,,,0.07297121435338934
QFIN,奇富科技,USD,2024-12-31,Q,48132618000,23886399000,1916637000,3896738000,,,1932709000,20042000,,,0.08095836382720757
QFIN,奇富科技,USD,2024-09-30,Q,46988515000,24089095000,1802862000,3518820000,,,2356941000,558144000,,,0.07488681010668245
CHA,霸王茶姬,USD,2025-09-30,Q,11901697000,3239617000,394212000,3208330000,1753194000,,506347000,108492000,,45.35493543369915,0.2695691211093679
CHA,霸王茶姬,USD,2025-06-30,Q,11067088000,2871411000,69541000,3331881000,1720919000,,203641000,126403000,,48.34992606278556,0.3010621222131784
CHA,霸王茶姬,USD,2025-03-31,Q,7253231000,2839614000,678858000,3392711000,1747328000,,836063000,158746000,,48.49758791715534,0.4677516819745572
CHA,霸王茶姬,USD,2024-12-31,Q,6596106000,2907851000,659022000,3334426000,1777589000,,702264000,58129000,,46.68980508189415,0.5055143140513509
CHA,霸王茶姬,USD,2024-09-30,Q,5751851000,2722113000,640979000,3541248000,1904709000,,808292000,161659000,,46.21362299392757,0.6156710248579109
CHA,霸王茶姬,USD,2024-06-30,Q,,,,,,,,,,,
ZH,知乎,USD,2025-09-30,Q,5501426000,1379951000,-46655000,658929000,255288000,114362000,-45893000,850000,17.35573938922099,61.25713088967096,0.1197742185389752
ZH,知乎,USD,2025-06-30,Q,5746532000,1538984000,72482000,716894000,268711000,145683000,101159000,28679000,20.32141432345647,62.5173317115222,0.1247524593963803
ZH,知乎,USD,2025-03-31,Q,5683060000,1523697000,-10094000,729665000,278561000,141866000,-10341000,-233000,19.44262092878239,61.823439523617,0.1283929784306342
ZH,知乎,USD,2024-12-31,Q,5732952000,1537266000,86274000,859212000,318547000,146613000,83738000,-2663000,17.06365832879429,62.92568074002691,0.1498725264052446
ZH,知乎,USD,2024-09-30,Q,6008585000,1663522000,-10491000,845020000,304879000,179261000,-9926000,-949000,21.21381742443966,63.92049892310241,0.1406354407901361
DCX,Digital Currency X Technology I,USD,2024-12-31,A,470785000,616271000,-46895000,6915000,31741000,1478000,-69005000,0,21.37382501807664,-359.0166305133767,0.01468823348237518
DCX,Digital Currency X Technology I,USD,2023-12-31,A,536451000,615325000,-68111000,9483000,42246000,8398000,-98501000,0,88.55847305704945,-345.4919329326162,0.01767729019052998
DCX,Digital Currency X Technology I,USD,2022-12-31,A,653612000,637484000,-77256000,14961000,53286000,13772000,-111518000,0,92.05267027605106,-256.1660316823742,0.02288972662680612
DCX,Digital Currency X Technology I,USD,2021-12-31,A,809153000,697118000,-29910000,22303000,79552000,15420000,-62552000,0,69.13868089494687,-256.6874411514146,0.02756339036004316
SOS,SOS Ltd-A,USD,2024-12-31,A,482354000,46664000,-13605000,231424000,224383000,,-15985000,242000,,3.042467505530973,0.4797804102381238
SOS,SOS Ltd-A,USD,2023-12-31,A,483892000,61519000,-3651000,92416000,78234000,,-5790000,631000,,15.34582756232687,0.1909847651955395
SOS,SOS Ltd-A,USD,2022-12-31,A,454734000,45958000,-229447000,260026000,270597000,,-229676000,536000,,-4.065362694499781,0.5718200090602418
SOS,SOS Ltd-A,USD,2021-12-31,A,695300000,61731000,-49251000,290790000,277879000,,-52422000,3000,,4.439973864300698,0.4182223500647202
CASI,凯信远达,USD,2025-09-30,Q,24462000,53054000,-10883000,3075000,2369000,1413000,-10883000,0,45.95121951219512,22.95934959349593,0.1257051753740495
CASI,凯信远达,USD,2025-06-30,Q,31202000,51512000,-13375000,4175000,2117000,1724000,-11201000,0,41.2934131736527,49.2934131736527,0.1338055252868406
CASI,凯信远达,USD,2025-03-31,Q,40821000,48891000,-10750000,6240000,2621000,1936000,-10750000,0,31.02564102564103,57.99679487179488,0.1528624972440656
CASI,凯信远达,USD,2024-12-31,Q,53674000,51823000,-14370000,13356000,10128000,3666000,-14297000,0,27.44833782569632,24.16891284815813,0.2488355628423445
CASI,凯信远达,USD,2024-09-30,Q,63616000,49769000,-8395000,7793000,3748000,1521000,-7279000,0,19.51751571923521,51.90555626844604,0.1225006287726358
CASI,凯信远达,USD,2024-06-30,Q,,,,,,,,,,,
EZGO,易电行,USD,2024-09-30,A,85359663,24376155,-7284792,21134425,19625142,893653,-8903241,-786369,4.22842353174974,7.141348771021685,0.2475926480637582
EZGO,易电行,USD,2023-09-30,A,81907519,15424922,-6783086,15920659,14781260,652369,-7116232,-62447,4.097625607080712,7.156732645300674,0.1943735959088201
EZGO,易电行,USD,2022-09-30,A,47507582,13968203,-6463798,17389217,17170178,839931,-6729578,527119,4.830182980636794,1.259625433393579,0.3660303527971598
EZGO,易电行,USD,2021-09-30,A,42011670,9475170,-2978673,23422006,23039528,0,-3796645,-419405,,1.632985663140894,0.5575119008599277
GHG,格林酒店,USD,2025-09-30,Q,5182959832,3450869962,60813333,303605436,177107745,,76541953,18950376,,41.66516010602656,0.05857761700669881
GHG,格林酒店,USD,2024-12-31,Q,4947118948,3454514881,-76085549,304519662,210973480,,-65538865,11214634,,30.71925844972204,0.06155495050773135
GHG,格林酒店,USD,2024-09-30,Q,5099812774,3508917338,65500875,356981450,208168798,,89137484,24330641,,41.68638230361829,0.06999893247453558
GHG,格林酒店,USD,2024-06-30,Q,5123385738,3533705343,61690274,329711656,198324685,,90170560,26733733,,39.84905253091811,0.06435425182892993
AIXI,小i机器人,USD,2024-12-31,A,85511474,101279447,-14505464,70314315,22264768,34658779,-14551328,0,49.2912133183691,68.33536954743853,0.82227930020245
AIXI,小i机器人,USD,2023-12-31,A,66334231,74801093,-26461807,59165259,19741689,52387540,-23218076,3787692,88.5444277358779,66.63297121711238,0.8919265077483147
AIXI,小i机器人,USD,2022-12-31,A,60584144,69568303,-5898535,48184958,17379144,24001138,-5344659,660655,49.81043669271228,63.93242887126726,0.7953394208227156
AIXI,小i机器人,USD,2021-12-31,A,47190411,50573072,3677813,32524013,10885731,5363909,3917357,552355,16.49214996931651,66.53017264505459,0.6892080893298429
FENG,凤凰新媒体,USD,2025-09-30,Q,1629494000,564358000,-4922000,200908000,105220000,16310000,2988000,7990000,8.118143627929202,47.62776992454258,0.1232947160284113
FENG,凤凰新媒体,USD,2025-06-30,Q,1594893000,521827000,-10355000,187153000,95131000,16553000,-5076000,4627000,8.844635138095569,49.16939616249806,0.1173451761340729
FENG,凤凰新媒体,USD,2025-03-31,Q,1612440000,530388000,-29726000,155212000,92481000,17025000,-33355000,-3101000,10.96886838646496,40.41633378862459,0.09625908560938702
FENG,凤凰新媒体,USD,2024-12-31,Q,1711927000,598517000,-3593000,218107000,121102000,18212000,1808000,3793000,8.350030031131508,44.47587651932308,0.1274043811447567
FENG,凤凰新媒体,USD,2024-09-30,Q,1685012000,575101000,-18486000,164278000,102006000,17314000,-19089000,551000,10.53945141771874,37.90647560841987,0.09749366770088284
CCG,车车科技,USD,2024-12-31,Q,1287920000,932169000,-10415000,983636000,932013000,9256000,-10516000,-101000,0.9409984994449166,5.24818123777495,0.7637399838499286
CCG,车车科技,USD,2024-09-30,Q,1095479000,741225000,4051000,850517000,808079000,10166000,3961000,-90000,1.195272992779686,4.989670988351791,0.7763882283457738
CCG,车车科技,USD,2024-06-30,Q,1009773000,657586000,-23601000,851842000,820913000,9128000,-23693000,-92000,1.071560218913836,3.630837643600573,0.8435975214231317
TAOP,淘屏,USD,2024-12-31,A,35128745,19259414,-1819387,36672512,28902062,2424127,-1805244,14143,6.610201668214057,21.18875849028286,1.043945976436107
TAOP,淘屏,USD,2023-12-31,A,32826314,20063017,-697941,38635635,29783354,2967043,-224170,7980,7.679550239047448,22.91221821512704,1.176971468682107
TAOP,淘屏,USD,2022-12-31,A,29208815,19592123,-7081647,24233463,17003414,3606653,-512502,69869,14.88294512426887,29.83498066289577,0.8296626549211257
TAOP,淘屏,USD,2021-12-31,A,47155491,27904992,-9924859,19390579,12719125,4479045,-11757164,5321,23.09907816574224,34.4056461645627,0.4112051128891861
SY,新氧,USD,2025-09-30,Q,2644122000,852814000,-64275000,386670000,203802000,36318000,-63696000,1143000,9.39250523702382,47.2930405772364,0.1462375790527063
SY,新氧,USD,2025-06-30,Q,2650166000,790071000,-36039000,378748000,184558000,31177000,-32922000,1877000,8.231594622281833,51.27155786961251,0.1429148211847862
SY,新氧,USD,2025-03-31,Q,2644510000,743604000,-33138000,297270000,151415000,32109000,-34757000,-1605000,10.80129175497023,49.0648232246779,0.1124102385697161
SY,新氧,USD,2024-12-31,Q,2735158000,776428000,-607576000,369211000,153051000,42753000,-605836000,2126000,11.57955748880721,58.54646800880797,0.1349870830131203
SY,新氧,USD,2024-09-30,Q,3303820000,755439000,20348000,371825000,142168000,40188000,22940000,2097000,10.80831036105695,61.76480871377665,0.1125439642595541
BZ,BOSS直聘,USD,2025-09-30,Q,24156544000,4871257000,806633000,2163281000,307791000,408019000,947631000,172211000,18.86111882829831,85.77202869160317,0.08955258666140323
BZ,BOSS直聘,USD,2025-06-30,Q,21183955000,4346992000,722438000,2102433000,307457000,416046000,808245000,97071000,19.78878756183907,85.37613327035868,0.09924648159420656
BZ,BOSS直聘,USD,2025-03-31,Q,20387869000,4530679000,512094000,1923277000,310808000,423568000,588088000,75994000,22.02324470162124,83.83966532121998,0.09433438090072091
BZ,BOSS直聘,USD,2024-12-31,Q,19310672000,4347852000,449608000,1823606000,313715000,440360000,534968000,90743000,24.14775998762891,82.79699671968615,0.09443513928464012
BZ,BOSS直聘,USD,2024-09-30,Q,18813418000,4179665000,468372000,1911575000,314026000,464151000,526050000,62223000,24.28107712226829,83.57239449145338,0.1016070019812455
BZ,BOSS直聘,USD,2024-06-30,Q,,,,,,,,,,,
THCH,TH International Ltd-A,USD,2025-09-30,Q,1290512000,2321947000,-72894000,358018000,295576000,,-73763000,0,,17.44102251842086,0.2774232242706771
THCH,TH International Ltd-A,USD,2025-06-30,Q,1385815000,2348077000,-75455000,348976000,288787000,,-75441000,484000,,17.24731786713127,0.2518200481305224
THCH,TH International Ltd-A,USD,2025-03-31,Q,1489866000,2379169000,-58021000,300742000,256250000,,-58941000,0,,14.79407598539612,0.2018584221668257
THCH,TH International Ltd-A,USD,2024-12-31,Q,1563533735,2396549141,-131558555,332624811,287599448,,-138256989,616015,,13.53638138557259,0.2127391328719876
THCH,TH International Ltd-A,USD,2024-09-30,Q,1676184000,2358834000,-88851000,359554000,287104000,,-86975000,410000,,20.1499635659734,0.2145074765061592
THCH,TH International Ltd-A,USD,2024-06-30,Q,,,,,,,,,,,
FRGT,Freight Technologies Inc,USD,2025-09-30,Q,12201412,5917313,-3267429,2456191,3320813,,-3267429,0,,-35.20174123266472,0.2013038327039526
FRGT,Freight Technologies Inc,USD,2025-06-30,Q,17060367,8276987,649238,2989910,2534689,,668481,19243,,15.2252408935386,0.1752547292798566
FRGT,Freight Technologies Inc,USD,2025-03-31,Q,13420050,7260952,-1602046,4100640,3593300,,-1598965,3081,,12.3722150688673,0.3055607095353594
FRGT,Freight Technologies Inc,USD,2024-12-31,Q,5690245,6345005,-1122928,3716290,-659237,,-1095821,27107,,117.7391161615482,0.6530984166762591
FRGT,Freight Technologies Inc,USD,2024-09-30,Q,,,-267293,1887030,3060950,,-267293,0,,-62.20992777009374,
FRGT,Freight Technologies Inc,USD,2024-06-30,Q,,,,,,,,,,,
VNET,世纪互联,USD,2025-09-30,Q,43354811000,35764993000,-307066000,2581747000,2042718000,71295000,-255761000,21467000,2.761502192120297,20.87845943076529,0.05954926201846434
VNET,世纪互联,USD,2025-06-30,Q,39708359000,32088739000,-11981000,2434205000,1886470000,67570000,111776000,95048000,2.775854950589618,22.50159703065272,0.06130207999781608
VNET,世纪互联,USD,2025-03-31,Q,38832661000,31230249000,-237558000,2246220000,1680879000,43603000,-171375000,52062000,1.941172280542422,25.16854983038171,0.05784357657076346
VNET,世纪互联,USD,2024-12-31,Q,32357042000,25436223000,-11096000,2246389000,1741533000,56098000,84800000,82547000,2.497252256844206,22.47411289852292,0.0694250420047667
VNET,世纪互联,USD,2024-09-30,Q,29925430000,23064566000,317626000,2120794000,1629111000,53127000,362334000,31149000,2.505052353033817,23.1839113086891,0.07086929076708338
VNET,世纪互联,USD,2024-06-30,Q,,,,,,,,,,,
WETH,伟易达,USD,2025-09-30,Q,139907907,4741190,2527192,12179802,8201011,0,3162871,635679,,32.66712381695532,0.08705585167534527
WETH,伟易达,USD,2024-12-31,Q,128019463,3433798,109895,3630550,2658871,-129808,26970,-82925,-3.575436228670587,26.76396138326149,0.0283593597014229
WETH,伟易达,USD,2024-09-30,Q,133143876,3668530,2660699,11537989,7101645,43859,3640135,979436,0.3801269007970106,38.44988931780053,0.08665805252657659
WETH,伟易达,USD,2024-06-30,Q,125910057,3447528,2701694,12234575,7373757,43211,3801025,1099331,0.3531875851837926,39.73017452588259,0.09716916417566232
YMM,满帮,USD,2025-09-30,Q,44097571000,3668162000,907276000,3358242000,1605214000,233250000,1195882000,274862000,6.945598321979178,52.20076456669889,0.07615480680330443
YMM,满帮,USD,2025-06-30,Q,42600126000,2786705000,1244488000,3239106000,1238371000,189620000,1434489000,169655000,5.854084429469119,61.76812367363094,0.07603512722004625
YMM,满帮,USD,2025-03-31,Q,42420309000,3701522000,1268576000,2699909000,698559000,193358000,1490707000,211771000,7.161648781495969,74.1265724141073,0.06364661322952646
YMM,满帮,USD,2024-12-31,Q,41287075000,3151902000,558457000,3174254000,1391714000,205026000,624487000,49861000,6.459029428646856,56.15618661896622,0.07688251105218764
YMM,满帮,USD,2024-09-30,Q,40612619000,3785015000,1107086000,3031388000,1364884000,195142000,1205576000,83640000,6.437381160049456,54.97494876934262,0.0746415295206645
YMM,满帮,USD,2024-06-30,Q,,,,,,,,,,,
GDC,GD Culture Group Ltd,USD,2025-09-30,Q,865999639,3842888,12088469,0,,1236333,13766451,1677982,,,
GDC,GD Culture Group Ltd,USD,2025-06-30,Q,10575051,2011539,-1499054,0,,233333,-1553884,-54830,,,
GDC,GD Culture Group Ltd,USD,2025-03-31,Q,2603247,2668108,-977510,0,,0,-935759,41751,,,
GDC,GD Culture Group Ltd,USD,2024-12-31,Q,2734987,2732344,-2531153,0,,145000,-2540453,-9435,,,
GDC,GD Culture Group Ltd,USD,2024-09-30,Q,4827871,2226758,-3741199,0,0,217500,-3840081,-748,,,
GDC,GD Culture Group Ltd,USD,2024-06-30,Q,,,,,0,,,,,,
OWLS,奥丁丁,USD,2024-12-31,Q,23320666,27615246,-3498960,1975791,1757891,715856,-3494144,5605,36.23136252771675,11.02849441059302,0.08472275191454652
FEDU,四季教育,USD,2025-02-28,A,731142000,225989000,801000,251076000,203941000,,95000,722000,,18.77320014656917,0.3434025127813749
FEDU,四季教育,USD,2024-02-29,A,674160000,148016000,4961000,125445000,79951000,,3876000,1101000,,36.26609270995257,0.1860760056959772
FEDU,四季教育,USD,2023-02-28,A,601040000,89150000,-29666000,34216000,19922000,,-32495000,993000,,41.77577741407529,0.05692799148143218
FEDU,四季教育,USD,2022-02-28,A,602533000,100039000,-113462000,250223000,149615000,,-60139000,21843000,,40.20733505712904,0.4152851379094589
FEDU,四季教育,USD,2021-02-28,A,,,,,,,,,,,
SNTG,叁腾科技,USD,2024-12-31,A,11680419,1453917,-2004831,107507,8074,,-2004831,0,,92.4897913624229,0.009204036259315698
SNTG,叁腾科技,USD,2023-12-31,A,12909139,679245,-1903277,146554,12597,,-1903277,0,,91.40453348253887,0.01135273235496186
SNTG,叁腾科技,USD,2022-12-31,A,14658834,483870,-2561907,161372,17833,,-2561907,0,,88.94913615744987,0.01100851541125304
SNTG,叁腾科技,USD,2021-12-31,A,17366708,543754,-1093241,2262449,34556,,-835897,257344,,98.47262855427901,0.1302750642205765
ITP,互联网科技包装,USD,2025-09-30,Q,175698192,23648656,-1448247,25601344,23579498,,-1141885,306362,,7.897421322880549,0.1457120514933927
ITP,互联网科技包装,USD,2025-06-30,Q,175162562,22844991,-1951826,24794641,23520896,,-1904998,46828,,5.13717863468965,0.1415521714052116
ITP,互联网科技包装,USD,2025-03-31,Q,175204130,22427150,-3503785,10897266,10813180,,-3503785,0,,0.7716247359658835,0.06219754066299693
ITP,互联网科技包装,USD,2024-12-31,Q,177546786,21496469,-4044865,17642814,16532868,,-3964944,79921,,6.291207287000815,0.0993699429737917
ITP,互联网科技包装,USD,2024-09-30,Q,190018239,25694194,-1973946,25081500,23164119,,-1628236,345710,,7.644602595538544,0.1319952238900604
ITP,互联网科技包装,USD,2024-06-30,Q,,,,,,,,,,,
FVNNU,Future Vision II Acquisition Co,USD,2025-06-30,Q,61009715,171666,551900,0,,,551900,0,,,
FVNNU,Future Vision II Acquisition Co,USD,2025-03-31,Q,60427482,141333,454300,0,,,454300,0,,,
FVNNU,Future Vision II Acquisition Co,USD,2024-09-30,Q,59409351,52735015,141906,0,,,141906,,,,
FVNNU,Future Vision II Acquisition Co,USD,2024-06-30,Q,395272,375000,-2637,0,,,-2637,0,,,
API,声网,USD,2025-09-30,Q,710104000,143456000,2741000,35374000,12042000,13817000,2454000,107000,39.05976140668287,65.95804828405043,0.04981523833128668
API,声网,USD,2025-06-30,Q,697613000,132236000,1462000,34259000,11389000,13976000,1469000,43000,40.79511953063429,66.75618085758487,0.04910888988593962
API,声网,USD,2025-03-31,Q,703759000,130731000,407000,33269000,10635000,14018000,687000,42000,42.13532116985782,68.0333042772551,0.0472732853150013
API,声网,USD,2024-12-31,Q,699654000,126993000,158000,34453000,11505000,14793000,373000,109000,42.93675441906365,66.60668156619163,0.04924291149625386
API,声网,USD,2024-09-30,Q,691496000,114956000,-24180000,31573000,10524000,29271000,-19969000,0,92.70896018750197,66.66772242105597,0.04565897705843562
API,声网,USD,2024-06-30,Q,,,,,,,,,,,
NBP,新桥生物,USD,2025-09-30,Q,277410000,18495000,-6828000,0,,3176000,-6828000,0,,,
NBP,新桥生物,USD,2025-06-30,Q,206708000,9975000,-5504000,0,,3294000,-5504000,0,,,
NBP,新桥生物,USD,2025-03-31,Q,208941000,10600000,-3150000,0,,777000,-3150000,0,,,
NBP,新桥生物,USD,2024-12-31,Q,212680000,11520000,-9062000,0,,6030000,-10844000,0,,,
NBP,新桥生物,USD,2024-09-30,Q,232682000,14799000,-20491000,0,,4475000,-20491000,0,,,
NBP,新桥生物,USD,2024-06-30,Q,,,,,,,,,,,
PERF,玩美,USD,2025-09-30,Q,194181000,41247000,2080000,18659000,4512000,3932000,2225000,145000,21.07294067206174,75.81863979848866,0.09609076068204407
PERF,玩美,USD,2025-06-30,Q,190154000,39528000,207000,16347000,4040000,4030000,657000,450000,24.65284149996941,75.28598519606044,0.08596716345698749
PERF,玩美,USD,2025-03-31,Q,187270000,37234000,2293000,16014000,3540000,3565000,2485000,192000,22.26177095041838,77.89434245035594,0.08551289581887114
PERF,玩美,USD,2024-12-31,Q,181173000,34158000,1095000,15881000,4116000,2777000,937000,-158000,17.48630438889239,74.0822366349726,0.0876565492650671
PERF,玩美,USD,2024-09-30,Q,179632000,34113000,2532000,16127000,3171000,3213000,2269000,-263000,19.9231103118993,80.33732250263533,0.0897779905584751
PERF,玩美,USD,2024-06-30,Q,,,,,,,,,,,
GLXG,迦里仕人才,USD,2024-06-30,A,26586491,20111008,5505489,30124952,13951669,,7289292,1783803,,53.68733201632985,1.133092441571172
GLXG,迦里仕人才,USD,2023-06-30,A,30278070,19937281,9010680,31466673,12999672,,10816343,1805663,,58.68749136586509,1.039256233967357
GLXG,迦里仕人才,USD,2022-06-30,A,32758680,17557635,22558341,46915077,11696317,,27254343,4696002,,75.06917232598809,1.432141862858943
GLXG,迦里仕人才,USD,2021-06-30,A,37137136,30074892,9692261,34787581,11476536,,12312870,2620609,,67.0096750906595,0.9367330049360834
KC,金山云,USD,2025-09-30,Q,25652410000,18577536000,-4620000,2478028000,2097133000,199644000,-10197000,-2350000,8.056567560979941,15.37089169291065,0.09660020247610264
KC,金山云,USD,2025-06-30,Q,24829707000,17770121000,-457465000,2349227000,2010370000,194285000,-454520000,2343000,8.270167165625118,14.42419144680357,0.09461356108632293
KC,金山云,USD,2025-03-31,Q,19721074000,14376429000,-313926000,1969977000,1651671000,226170000,-306869000,9241000,11.48084470021731,16.15785361961079,0.09989197342903333
KC,金山云,USD,2024-12-31,Q,17592654000,12087334000,-196959000,2232142000,1806170000,174155000,-204348000,-3706000,7.802146996024447,19.08355292808432,0.1268792076511026
KC,金山云,USD,2024-09-30,Q,16696584000,11125436000,-1057135000,1885574000,1582220000,235912000,-1050404000,10662000,12.51141562198036,16.08815140641524,0.1129317230398745
KC,金山云,USD,2024-06-30,Q,,,,,,,,,,,
RLX,雾芯科技,USD,2025-09-30,Q,17430898000,1239324000,203163000,1033854000,681295000,41251000,252773000,45948000,3.990021801917872,34.10143018259832,0.0593115741942842
RLX,雾芯科技,USD,2025-06-30,Q,17486247000,1246837000,217117000,794117000,552037000,30067000,246965000,28470000,3.786217899881251,30.48417298710391,0.045413804345781
RLX,雾芯科技,USD,2025-03-31,Q,17073478000,849132000,222040000,708477000,477526000,27055000,250921000,28181000,3.818754878422306,32.59823536967325,0.04149576319482182
RLX,雾芯科技,USD,2024-12-31,Q,16871049000,881096000,121961000,736211000,516305000,32374000,153686000,26303000,4.397380642234359,29.86996934302802,0.04363753552016831
RLX,雾芯科技,USD,2024-09-30,Q,16402527000,743238000,165654000,679355000,473379000,24435000,199814000,30423000,3.596794017855171,30.31934702769539,0.04141770350385645
JOYY,欢聚,USD,2025-09-30,Q,7548130000,923267000,61960000,540221000,347090000,63094000,58735000,3784000,11.67929421477506,35.75036883053417,0.07157017698423318
JOYY,欢聚,USD,2025-06-30,Q,7518245000,896566000,60825000,507760000,322515000,60075000,65268000,6066000,11.83137702851741,36.48278714353238,0.06753703823166178
JOYY,欢聚,USD,2025-03-31,Q,7583955000,955262000,1921323000,494351000,315736000,62426000,51432000,5211000,12.62786967154916,36.13121041527174,0.06518379921821793
JOYY,欢聚,USD,2024-12-31,Q,7527797000,2768039000,-304145000,549446000,345663000,67485000,-382703000,41000,12.28237169803766,37.08881309537243,0.0729889501536771
JOYY,欢聚,USD,2024-09-30,Q,8080143000,2793435000,60557000,558654000,350536000,72360000,55487000,6279000,12.95256097691952,37.25346994740931,0.06913912290908712
JOYY,欢聚,USD,2024-06-30,Q,,,,,,,,,,,
MSW,明成集团,USD,2025-03-31,A,13424283,12440304,-5730751,33851041,35157150,,-5810905,-80154,,-3.858401282253033,2.521627486548071
MSW,明成集团,USD,2024-03-31,A,11888878,10890616,2326597,27572692,22479613,,2975533,648936,,18.47146082072799,2.319200516650941
MSW,明成集团,USD,2023-03-31,A,8282494,7899604,2787236,21868220,18373672,,3256125,468889,,15.98002946741893,2.640294094991195
MSW,明成集团,USD,2022-03-31,A,5598944,5439187,1803509,14383980,11755111,,2120605,317096,,18.27636718071076,2.569052307006464
MSW,明成集团,USD,2021-03-31,A,,,,,,,,,,,
JKS,晶科能源,USD,2025-09-30,Q,120842308000,90725530000,-749786000,16158497000,14976562000,255721000,-1307453000,-191635000,1.582579122303269,7.314634523248047,0.1337155609441024
JKS,晶科能源,USD,2025-03-31,Q,122251416000,90633626000,-1318876000,13843640000,14196514000,151802000,-2710263000,-699479000,1.096546861952492,-2.548997229052475,0.113239097369637
JKS,晶科能源,USD,2024-12-31,Q,124880358000,90644387000,-476737000,20650730000,19861074000,256054000,-1294597000,-580536000,1.239927111535524,3.823864822212096,0.1653641159484825
JKS,晶科能源,USD,2024-09-30,Q,130215828000,95356912000,22532000,24508244000,20652556000,208668000,157635000,148460000,0.8514196284319677,15.73220831325166,0.1882124805903012
JKS,晶科能源,USD,2024-06-30,Q,128646222000,95185291000,-100653000,24053049000,21376366000,215394000,-27057000,24799000,0.895495618871437,11.1282482316483,0.186970504271785
JG,极光,USD,2025-09-30,Q,388163000,289157000,-13000,90872000,27117000,25881000,696000,46000,28.4807201338146,70.15912492296857,0.2341078361410026
JG,极光,USD,2025-06-30,Q,380994000,283438000,-21000,89860000,30215000,25958000,-386000,-882000,28.88715780102381,66.37547295793456,0.2358567326519578
JG,极光,USD,2025-03-31,Q,375991000,277352000,-2552000,88961000,30117000,24607000,-1272000,336000,27.66043547172357,66.14583918795877,0.2366040676505555
JG,极光,USD,2024-12-31,Q,378033000,278635000,-1066000,93153000,36468000,24326000,-799000,-105000,26.11402746019989,60.85150236707353,0.2464149955162644
JG,极光,USD,2024-09-30,Q,357432000,258414000,-2581000,79052000,25846000,24157000,-2182000,-24000,30.55836664474017,67.30506502049283,0.2211665435663287
JG,极光,USD,2024-06-30,Q,,,,,,,,,,,
BQ,波奇宠物,USD,2025-03-31,A,316166000,87791000,-54125000,468894000,368240000,,-59375000,-801000,,21.46625889859968,1.483062694913432
BQ,波奇宠物,USD,2024-03-31,A,383215000,122334000,-63664000,709352000,568615000,,-69875000,-927000,,19.84022037014063,1.851054890857613
BQ,波奇宠物,USD,2023-03-31,A,540800000,315849000,-102799000,1092094000,858608000,,-106805000,-911000,,21.37966145771335,2.019404585798817
BQ,波奇宠物,USD,2022-03-31,A,778309000,529964000,-128390000,1186429000,943698000,,-134812000,-1571000,,20.45895708887763,1.524367571234561
BQ,波奇宠物,USD,2021-03-31,A,,,,,,,,,,,
DAO,网易有道,USD,2025-09-30,Q,1735306000,3719231000,120000,1628524000,940661000,127792000,6950000,2925000,7.847105722728065,42.23843185608563,0.9384650315275808
DAO,网易有道,USD,2025-06-30,Q,1841076000,3851363000,-17763000,1417541000,808181000,128321000,-16257000,4279000,9.052366033857222,42.98711642202942,0.7699524625816642
DAO,网易有道,USD,2025-03-31,Q,1539208000,3541539000,76743000,1298262000,684035000,115474000,87494000,9895000,8.894506655821397,47.31148258209822,0.8434610526972313
DAO,网易有道,USD,2024-12-31,Q,1814395000,3903707000,83003000,1339798000,699045000,120694000,69912000,-2386000,9.008372903975078,47.82459743931548,0.7384268585396234
DAO,网易有道,USD,2024-09-30,Q,1683712000,3854413000,86253000,1572541000,783085000,119594000,91227000,2370000,7.605143522490033,50.20257023505269,0.9339726746616999
IFBD,讯鸟软件,USD,2024-12-31,A,73777893,6976176,-2099037,1437848,845236,15074,-2079487,21008,1.048372289699607,41.21520494516805,0.01948887317776885
IFBD,讯鸟软件,USD,2023-12-31,A,57655499,62997,-2576531,280000,125271,0,-21438786,0,,55.26035714285714,0.004856431821013292
IFBD,讯鸟软件,USD,2022-12-31,A,30648198,24146516,-15266979,0,0,0,-2535322,0,,,
IFBD,讯鸟软件,USD,2021-12-31,A,28478404,12577534,-13872232,0,0,3269680,-631621,0,,,
WB,微博,USD,2025-09-30,Q,6898783000,2961653000,221093000,442305000,106188000,77909000,280765000,57242000,17.6143159132273,75.99213212602164,0.06411348204458671
WB,微博,USD,2025-06-30,Q,6539145000,2863437000,125685000,444798000,103451000,78068000,158403000,31705000,17.55133791069204,76.74202671774604,0.06802081923554226
WB,微博,USD,2025-03-31,Q,6658879000,3150661000,106964000,396855000,88802000,76021000,132413000,24291000,19.15586297262224,77.62356528202996,0.05959786925096552
WB,微博,USD,2024-12-31,Q,6504499000,2925613000,8865000,456827000,100529000,75921000,32761000,20034000,16.6192015795914,77.99407653225401,0.0702324652521278
WB,微博,USD,2024-09-30,Q,6625116000,2947175000,130567000,464480000,92381000,80411000,164926000,32197000,17.31204788150189,80.11087667929728,0.07010896111102055
WB,微博,USD,2024-06-30,Q,,,,,,,,,,,
RAY,雷特控股,USD,2025-03-31,A,94890937,17928920,8268367,78739564,60931870,,10524854,2256487,,22.61594184087684,0.8297901410753273
RAY,雷特控股,USD,2024-03-31,A,58113014,27037713,9936794,66972301,52067436,,12753794,2817000,,22.25526789052686,1.152449277540484
RAY,雷特控股,USD,2023-03-31,A,33052359,11913852,6292870,45518239,34046287,,7473926,1181056,,25.20297852471841,1.377155530714162
RAY,雷特控股,USD,2022-03-31,A,20881039,6035402,9440390,45105917,33001491,,11180378,1739988,,26.83556128567345,2.16013757744526
RAY,雷特控股,USD,2021-03-31,A,,,,,,,,,,,
JZ,见知教育,USD,2024-12-31,A,101707786,71733373,-33513515,248831457,201991119,5774688,-20557423,12853549,2.320722656862472,18.82412238578019,2.446533021572213
JZ,见知教育,USD,2023-12-31,A,151686620,168904564,-373500737,440536631,424345616,11761358,-382601996,211267,2.669779803169194,3.675293689709086,2.904255042402553
JZ,见知教育,USD,2022-12-31,A,727323006,360971544,-199161807,505724311,511265334,15568768,-207563100,-10980054,3.078508915107306,-1.095660793732339,0.6953228576960482
JZ,见知教育,USD,2021-12-31,A,859617155,440880658,48258269,473247283,369052134,26355055,57204412,4273788,5.568981787477056,22.01706227228356,0.5505326182095563
CHSN,乔治香颂,USD,2024-12-31,A,41775834,23350388,756285,18227537,11033219,,830889,74604,,39.46950155690261,0.4363177285700628
CHSN,乔治香颂,USD,2023-12-31,A,38434296,26419940,33588,17252662,9105337,,153004,119416,,47.22358207678328,0.4488871605713813
CHSN,乔治香颂,USD,2022-12-31,A,27329186,26152137,-1288205,13272075,7169404,,-1278658,9547,,45.98128777903982,0.4856374061049605
CHSN,乔治香颂,USD,2021-12-31,A,24996094,22161135,506769,14690295,7759872,,523046,16277,,47.17688106331425,0.5877036228140284
BVC,BitVentures Ltd,USD,2024-06-30,A,16742000,14180000,-743000,28023000,17259000,,-513000,230000,,38.41130499946473,1.673814359096882
BVC,BitVentures Ltd,USD,2023-06-30,A,17354000,14151000,-3469000,18584000,6486000,,-3469000,0,,65.0990099009901,1.070877031231993
BVC,BitVentures Ltd,USD,2022-06-30,A,266109403.443851,117057954.579367,-6272000,8987000,4173000,,-6267000,5000,,53.56626237899188,0.03377182423354782
BVC,BitVentures Ltd,USD,2021-06-30,A,236720081.66927,125209509.520348,32119688.790583,283742246.832996,155150113.687337,,45745773.460581,13626084.669997,,45.3200517656242,1.19864037234248
YALA,雅乐科技,USD,2025-09-30,Q,869455349,92098034,41110846,89636333,28430988,8629226,42338039,1613621,9.62692884814911,68.2818483884208,0.1030948088399189
YALA,雅乐科技,USD,2025-06-30,Q,832921120,96820245,36772212,84564086,27944596,8338195,38033740,1531310,9.860208268555045,66.95453433979054,0.1015271242011488
YALA,雅乐科技,USD,2025-03-31,Q,826073483,94302874,37091400,83876767,29200423,7828137,37816542,1437077,9.332902637985558,65.18651821665945,0.1015366898055969
YALA,雅乐科技,USD,2024-12-31,Q,801630260,103822653,32591485,90827754,31044004,9178864,35885302,3354580,10.10579211283811,65.82101545745587,0.113303799185425
YALA,雅乐科技,USD,2024-09-30,Q,764306022,94499155,39854799,88922031,31830126,7108024,40468099,1287156,7.993546616136108,64.20445457436752,0.1163434912724003
MOMO,挚文集团,USD,2025-09-30,Q,13740986000,2534269000,348888000,2650124000,1658331000,183263000,418322000,65130000,6.915261323621083,37.42439976393558,0.1928627246982131
MOMO,挚文集团,USD,2025-06-30,Q,16515137000,5521756000,-140204000,2620368000,1607712000,183859000,485552000,638390000,7.016533555592192,38.64556428715356,0.1586646238538621
MOMO,挚文集团,USD,2025-03-31,Q,16727803000,5462297000,357994000,2520835000,1569074000,195769000,389164000,70406000,7.766037840636139,37.75578330196146,0.1506973151226135
MOMO,挚文集团,USD,2024-12-31,Q,18382970000,6950297000,187235000,2636496000,1724821000,222684000,277246000,89497000,8.446210424745573,34.57903975579708,0.1434205680583714
MOMO,挚文集团,USD,2024-09-30,Q,18152629000,6847262000,449369000,2674664000,1623723000,196382000,510791000,95298000,7.342305426027345,39.2924494441171,0.1473430652937379
MOMO,挚文集团,USD,2024-06-30,Q,,,,,,,,,,,
MLGO,MicroAlgo Inc-A,USD,2024-12-31,A,176274857,28882391,5370424,75327948,53936782,15537347,8142688,853882,20.62627140726043,28.39738313328275,0.4273323449639786
MLGO,MicroAlgo Inc-A,USD,2023-12-31,A,57960984,12045655,-37868800,81891992,57326545,22758492,-37937465,-353034,27.79086384905621,29.99737385799579,1.412881327204521
MLGO,MicroAlgo Inc-A,USD,2022-12-31,A,72086734,5075274,-6963546,87132230,68180339,13928429,-7484786,-564793,15.98539254647792,21.75072415798379,1.208713797465148
MLGO,MicroAlgo Inc-A,USD,2021-12-31,A,81611852,22968497,8567907,82035289,48918412,16590757,8569325,84819,20.22392704681031,40.3690623921615,1.005188425328223
NIPG,星竞威武,USD,2024-12-31,A,312566366,73101569,-12689785,85266306,82255771,,-15055080,-2369759,,3.53074401980074,0.2727942455587176
NIPG,星竞威武,USD,2023-12-31,A,313839555,383642713,-13258029,83668441,76469755,,-14458704,-1200855,,8.603824708530185,0.2665962262150162
NIPG,星竞威武,USD,2022-12-31,A,133935596,157941800,-6215681,65835111,62092682,,-6445467,-139454,,5.684548781272655,0.49154304730163
NIPG,星竞威武,USD,2021-12-31,A,140788889,132278318,-7999974,31802290,32395410,,-8073396,65887,,-1.865022927594208,0.2258863623819064
LICN,理臣咨询,USD,2024-12-31,A,79840000,4275000,-6139000,41477000,15803000,,-4172000,1948000,,61.89936591363888,0.519501503006012
LICN,理臣咨询,USD,2023-12-31,A,65545000,4125000,8338000,39759000,15439000,,11588000,3250000,,61.1685404562489,0.6065908917537569
LICN,理臣咨询,USD,2022-12-31,A,46525000,5416000,7818000,33805000,13613000,,10742000,2924000,,59.7308090519154,0.7265986029016658
LICN,理臣咨询,USD,2021-12-31,A,42943000,6111000,8462000,34295000,13820000,,11514000,3052000,,59.70258055110074,0.7986167710686258
RYET,软云,USD,2025-03-31,A,5874998,6381149,-396562,6685387,2892516,930904,-519707,16,13.92445942172084,56.73375378269052,1.137938600149311
RYET,软云,USD,2024-03-31,A,5218734,5189595,-2006126,9154072,6216933,1251593,-2104074,0,13.67252737361035,32.08560081240348,1.754079054422011
RYET,软云,USD,2023-03-31,A,8034783,5881120,-1177144,9132921,5891989,852760,-1242566,0,9.337209858707855,35.48625899643717,1.136673012824366
RYET,软云,USD,2022-03-31,A,11063844,7387719,-730693,12803123,7180326,1822882,-739493,0,14.23779182625989,43.917386406426,1.15720386151504
RYET,软云,USD,2021-03-31,A,,,,,,,,,,,
MEGL,智富,USD,2024-12-31,A,136143184,6605179,-4729852,12784230,16142047,,-4729852,0,,-26.26530498903728,0.09390282806960061
MEGL,智富,USD,2023-12-31,A,138257174,3989317,-483812,13792030,9715985,,-483812,0,,29.55362626096376,0.09975634248100572
MEGL,智富,USD,2022-12-31,A,144106828,7773259,-3842278,11198252,9370621,,-3460458,381820,,16.32068112058918,0.07770799035282352
MEGL,智富,USD,2021-12-31,A,25695066,20186203,1578624,16870748,8770259,,1648808,70184,,48.01499613413703,0.6565753907773578
CPHI,惠普森医药,USD,2025-09-30,Q,15804793,7490796,-651482,756217,815871,40321,-651482,0,5.331935145599742,-7.888476455832122,0.04784732074630778
CPHI,惠普森医药,USD,2025-06-30,Q,13766560,7304816,-528367,1025767,1112777,20952,-528367,0,2.042569121447658,-8.482433145148947,0.07451149742564592
CPHI,惠普森医药,USD,2025-03-31,Q,14217073,7247225,-785572,1136287,1272348,29587,-785572,0,2.603831602403266,-11.97417553839831,0.07992411658855518
CPHI,惠普森医药,USD,2024-12-31,Q,14887524,7139620,-1224432,1133995,1294584,547,-1224432,0,0.04823654425284062,-14.1613499177686,0.07617082598825702
CPHI,惠普森医药,USD,2024-09-30,Q,13465610,6937361,-1117911,1100152,1619801,87610,-1117911,0,7.963445051229284,-47.23429126157113,0.0817008661323178
CPHI,惠普森医药,USD,2024-06-30,Q,,,,,,,,,,,
GGR,Gogoro Inc,USD,2025-09-30,Q,702016000,569749000,-14942000,77647000,68155000,6312000,-14942000,,8.129097067497778,12.22455471557175,0.1106057411796882
GGR,Gogoro Inc,USD,2025-06-30,Q,755465000,603631000,-26527000,65813000,65591000,6399000,-26527000,,9.723003054107851,0.337319374591646,0.08711588227118397
GGR,Gogoro Inc,USD,2025-03-31,Q,657578000,499036000,-18562000,63621000,60515000,5986000,-18562000,,9.408842992093804,4.882035805787397,0.09675049956050841
GGR,Gogoro Inc,USD,2024-12-31,Q,700427000,523887000,-71328000,73130000,78524000,9846000,-71328000,,13.46369479009982,-7.375905920962669,0.10440773985012
GGR,Gogoro Inc,USD,2024-09-30,Q,819608000,566045000,-18244000,86856000,82177000,7271000,-18244000,,8.371327254305978,5.387077461545546,0.1059726112971079
UK,优客工场,USD,2024-12-31,A,317181000,173943000,-79967000,174624000,174493000,,-68619000,6369000,,0.07501832508704417,0.5505500014187483
UK,优客工场,USD,2023-12-31,A,586759000,517239000,-22556000,389403000,384749000,,-752000,7548000,,1.195162851852708,0.6636506640716205
UK,优客工场,USD,2022-12-31,A,1038366000,960974000,-322496000,577810000,656647000,,-294034000,1016000,,-13.64410446340492,0.55646082402544
UK,优客工场,USD,2021-12-31,A,1873015000,1495304000,-1996413000,1057508000,1134060000,,-2158331000,4479000,,-7.238905048472446,0.5646019919755048
PETZ,天地荟,USD,2024-12-31,A,33338661,5938806,2684522,563726,325304,,1925494,182,,42.29395131677446,0.01690907742215562
PETZ,天地荟,USD,2023-12-31,A,28901397,3852240,-23626172,754,976,,-8382915,,,-29.44297082228117,0.00002608870429342914
PETZ,天地荟,USD,2022-12-31,A,36513397,15359494,803700,24726,105554,,1142637,0,,-326.8947666424007,0.0006771761060741623
PETZ,天地荟,USD,2021-12-31,A,37868760,24498693,-6120308,1081095,769967,,-4070127,0,,28.77896947076806,0.02854846580664379
TOP,中阳金融集团,USD,2025-03-31,A,46799758,11914454,-5969348,3329256,3083029,,-5823244,146104,,7.395856611807564,0.07113831656992756
TOP,中阳金融集团,USD,2024-03-31,A,57642843,17111938,1051539,8037105,3685604,,987847,-63692,,54.14264215784166,0.1394293650644539
TOP,中阳金融集团,USD,2023-03-31,A,40283896,4332573,3397743,9695402,3828584,,3429263,31520,,60.51134341825125,0.2406768699829828
TOP,中阳金融集团,USD,2022-03-31,A,13880816,3685714,3491305,7820395,3290686,,3579952,88647,,57.92174180460194,0.5633959127474927
TOP,中阳金融集团,USD,2021-03-31,A,,,,,,,,,,,
HAO,浩希传媒,USD,2025-06-30,A,,,,,,,,,,,
HAO,浩希传媒,USD,2024-06-30,A,15506573,4234618,1291667,48519836,45769459,79985,1735249,443582,0.1648501037802354,5.668562028940081,3.128985108444013
HAO,浩希传媒,USD,2023-06-30,A,4464237,2897732,969752,28229149,26167083,58161,1190405,220653,0.206031715656749,7.304740217283914,6.323398376923089
HAO,浩希传媒,USD,2022-06-30,A,542993,2008678,244587,16156865,15508144,102524,259595,15008,0.6345537949348466,4.015141551284857,29.75519942246033
HAO,浩希传媒,USD,2021-06-30,A,4813716,4744734,304065,12847545,12241968,62645,325284,21219,0.4876028844421249,4.713562007371836,2.668945363623446
ZTO,中通快递,USD,2025-09-30,Q,90542020000,25175818000,2523720000,11864694000,8908725000,,2683012000,160000000,,24.91399272497041,0.1310407477102896
ZTO,中通快递,USD,2025-06-30,Q,94620760000,29764954000,1938332000,11831807000,8887410000,,2513343000,575531000,,24.88543804002212,0.1250445145441656
ZTO,中通快递,USD,2025-03-31,Q,93149512000,30283714000,1993247000,10891465000,8202245000,,2567610000,531574000,,24.69107691205912,0.1169245524335114
ZTO,中通快递,USD,2024-12-31,Q,92340330000,29665497000,2382690000,12919702000,9159983000,,3491236000,1059086000,,29.10066346731527,0.1399139682520086
ZTO,中通快递,USD,2024-09-30,Q,93320033000,32197962000,2396297000,10675048000,7340237000,,2911623000,554959000,,31.23930683965074,0.1143918155279692
ZTO,中通快递,USD,2024-06-30,Q,,,,,,,,,,,
AMTD,尚乘IDEA集团,USD,2024-12-31,A,2069918000,369889000,51039000,54068000,29619000,,55217000,1639000,,45.21898350225641,0.02612084150193389
AMTD,尚乘IDEA集团,USD,2023-12-31,A,1486590000,193016000,142994000,171813000,25731000,,157697000,4314000,,85.02383405213808,0.115575242669465
AMTD,尚乘IDEA集团,USD,2022-12-31,A,1060723000,58309000,157435000,133883000,16995000,,173871000,13405000,,87.30608068238685,0.1262186263520259
AMTD,尚乘IDEA集团,USD,2021-12-31,A,857693000,115178000,157220000,109895000,12192000,,171239000,14059000,,88.90577369307066,0.1281285961293843
BZUN,宝尊电商,USD,2025-09-30,Q,9790022000,4268378000,-107105000,2156234000,1026866000,,-83831000,12988000,,52.37687560812046,0.2202481261022703
BZUN,宝尊电商,USD,2025-06-30,Q,9621364000,3954766000,-33958000,2552661000,1317457000,,-10307000,13359000,,48.38887733232106,0.265311758291236
BZUN,宝尊电商,USD,2025-03-31,Q,9719159000,4019227000,-63080000,2064360000,1071703000,,-78176000,-6412000,,48.08545990040497,0.2124010935514071
BZUN,宝尊电商,USD,2024-12-31,Q,10207001000,4426422000,129000,2994445000,1542750000,,94525000,28443000,,48.47960139525021,0.293371676949968
BZUN,宝尊电商,USD,2024-09-30,Q,10023102000,4280919000,-88070000,2057020000,1082489000,,-109886000,-18569000,,47.37586411410681,0.2052278825457428
BZUN,宝尊电商,USD,2024-06-30,Q,,,,,,,,,,,
LZMH,联掌门户,USD,2024-12-31,A,305611000,238172000,5542000,822832000,788388000,4464000,4804000,-972000,0.5425165768954051,4.186030684270908,2.692416176119315
LZMH,联掌门户,USD,2023-12-31,A,286139000,224472000,-6209000,568865000,537609000,5478000,-4004000,2368000,0.9629701247220342,5.494449473952519,1.98807223062917
LZMH,联掌门户,USD,2022-12-31,A,122474000,107598000,-13645000,162952000,143100000,6927000,-14797000,0,4.250945063577005,12.18272865629142,1.330502800594412
LZMH,联掌门户,USD,2021-12-31,A,140470000,169889000,-45060000,81045000,70026000,6414000,-48450000,8000,7.914121784193966,13.59615028687766,0.5769559336513135
VIPS,唯品会,USD,2025-09-30,Q,78328410000,34539267000,1220677000,21370865000,16461954000,,1520090000,301065000,,22.97010907139229,0.2728367012684159
VIPS,唯品会,USD,2025-06-30,Q,73583838000,32452079000,1489749000,25806360000,19751363000,,1888630000,407189000,,23.46319666934818,0.350706903872016
VIPS,唯品会,USD,2025-03-31,Q,74574795000,32756944000,1942845000,26268543000,20186333000,,2439113000,507667000,,23.15396784663695,0.3522442535711965
VIPS,唯品会,USD,2024-12-31,Q,74936126000,33386897000,2446679000,33223843000,25596304000,,3269377000,816363000,,22.95802746238597,0.4433621641983467
VIPS,唯品会,USD,2024-09-30,Q,69484615000,30353141000,1045339000,20675941000,15720539000,,1455854000,474220000,,23.96699623006276,0.2975614242087979
VIPS,唯品会,USD,2024-06-30,Q,,,,,,,,,,,
HTT,High Templar Tech Ltd ADR,USD,2025-09-30,Q,13952236000,2000499000,409903000,8523000,6549000,11102000,398232000,-11671000,130.2592983691189,23.16085885251672,0.0006108698276032601
HTT,High Templar Tech Ltd ADR,USD,2025-06-30,Q,12749496000,1170730000,311762000,3490000,2956000,11331000,345283000,33521000,324.6704871060172,15.30085959885387,0.0002737363108314242
HTT,High Templar Tech Ltd ADR,USD,2025-03-31,Q,12652653000,1293934000,150105000,25789000,26239000,13064000,150114000,9000,50.65725697002598,-1.744930008918531,0.002038228662399894
HTT,High Templar Tech Ltd ADR,USD,2024-12-31,Q,12464227285,1172798255,-66359605,52236374,47826073,12816333,-54712982,11646623,24.53526540720457,8.442969261227818,0.004190903519776436
HTT,High Templar Tech Ltd ADR,USD,2024-09-30,Q,12552575000,1099246000,131914000,55015000,48913000,14576000,170616000,38702000,26.4945923838953,11.09152049441062,0.004382766085842944
HTT,High Templar Tech Ltd ADR,USD,2024-06-30,Q,,,,,,,,,,,
YOUL,优蓝,USD,2024-12-31,A,908363000,1325469000,-52376000,1585640000,1356511000,10017000,-41298000,11090000,0.6317322973688857,14.45025352539038,1.745601703283819
YOUL,优蓝,USD,2023-12-31,A,1117949000,1454230000,99263000,1365865000,1165446000,12285000,49016000,-30256000,0.8994300315184883,14.67341208684606,1.221759668822102
YOUL,优蓝,USD,2022-12-31,A,984626000,1369055000,-93523000,724073000,596928000,16695000,-72544000,18551000,2.305706745038139,17.55969356680887,0.7353787123232578
AIFU,智能未来,USD,2024-12-31,A,4151014000,1520559000,454960000,1808832000,1112866000,,413241000,98715000,,38.47598892545023,0.4357566609026132
AIFU,智能未来,USD,2023-12-31,A,4050884000,1713366000,280477000,3198389000,2145416000,,349818000,59402000,,32.92198040951241,0.7895533419372167
AIFU,智能未来,USD,2022-12-31,A,3089516000,1358185000,100272000,2781614000,1795603000,,196335000,41016000,,35.44744166516274,0.9003397295887122
AIFU,智能未来,USD,2021-12-31,A,3242118000,1281756000,250989000,3271114000,2115167000,,371088000,90574000,,35.33802245962691,1.00894353629325
TSM,台积电,USD,2025-09-30,Q,7354107076000,2318529274000,452301407000,989918318000,401375489000,63742245000,525369023000,73613661000,6.439141880795058,59.4536759547064,0.1346075475608155
TSM,台积电,USD,2025-06-30,Q,7006349549000,2389717699000,398273102000,933791869000,386422631000,61279719000,493035204000,95541780000,6.562460119258116,58.61790578517021,0.1332779448797667
TSM,台积电,USD,2025-03-31,Q,7133287420000,2531662963000,360732661000,839253664000,345858588000,56547493000,430895412000,70162751000,6.737830935463155,58.78974345472741,0.1176531400721268
TSM,台积电,USD,2024-12-31,Q,6691764700000,2412493100000,359792224000,868461179000,356082992000,57231334000,448799369000,89238340000,6.589970327274698,58.99839847648504,0.1297805912093711
TSM,台积电,USD,2024-09-30,Q,6165658176000,2143735885000,325257571000,759692143000,320346477000,52783826000,384186852000,59106682000,6.948054746434307,57.83206658753084,0.123213470697601
TSM,台积电,USD,2024-06-30,Q,,,,,,,,,,,
LX,乐信,USD,2025-09-30,Q,23066727000,11242171000,521268000,3417498000,2224526000,150063000,646817000,125549000,4.391019394890648,34.90776000454133,0.1481570402250826
LX,乐信,USD,2025-06-30,Q,22514788000,10909889000,511401000,3587414000,2314730000,157680000,631308000,119907000,4.395366690323447,35.47636263893713,0.1593358995874178
LX,乐信,USD,2025-03-31,Q,22619466000,11411140000,430324000,3104099000,1885191000,155626000,531471000,101147000,5.013564322529661,39.26769088228178,0.1372313121804025
LX,乐信,USD,2024-12-31,Q,22240779000,11500773000,362749000,3658833000,2384788000,151081000,430398000,67649000,4.129212784513532,34.82107546313264,0.1645101100100855
LX,乐信,USD,2024-09-30,Q,22525066000,12101003000,309557000,3662143000,2454765000,148930000,381720000,72163000,4.066744526360658,32.96916586818156,0.1625807888864787
LX,乐信,USD,2024-06-30,Q,,,,,,,,,,,
AIHS,森淼科技,USD,2025-09-30,Q,4682368,4814441,-648743,936344,662256,,-723730,0,,29.2721478431004,0.1999723216970558
AIHS,森淼科技,USD,2025-06-30,Q,5305627,4857152,-164397,860099,663144,,-276438,0,,22.89910812592504,0.1621107175457302
AIHS,森淼科技,USD,2025-03-31,Q,5800792,5452536,-1775121,844347,520800,,-1909163,0,,38.31919814957595,0.1455571928798688
AIHS,森淼科技,USD,2024-12-31,Q,7891539,5661054,-565315,919836,743449,,-583378,0,,19.1759183158737,0.1165597737019357
AIHS,森淼科技,USD,2024-09-30,Q,8596506,5643986,-711449,745880,648981,,-238739,0,,12.99123183353891,0.08676548355808744
AIHS,森淼科技,USD,2024-06-30,Q,,,,,,,,,,,
TOUR,途牛,USD,2025-09-30,Q,1702022000,729165000,19751000,202060000,92455000,15734000,20837000,625000,7.786796001187766,54.24378897357221,0.118717619396224
TOUR,途牛,USD,2025-06-30,Q,1850388000,884304000,14526000,134854000,48865000,16403000,12956000,274000,12.1635249974046,63.76451569845908,0.07287876920948472
TOUR,途牛,USD,2025-03-31,Q,1800734000,838374000,-4698000,117516000,48169000,14528000,-5405000,52000,12.36257190510228,59.01068790632765,0.06526005506643402
TOUR,途牛,USD,2024-12-31,Q,1909437000,900487000,-24207000,102732000,32935000,13325000,-24971000,283000,12.9706420589495,67.94085581902426,0.05380224642132733
TOUR,途牛,USD,2024-09-30,Q,2006916000,942900000,44448000,185995000,64212000,13640000,43561000,159000,7.333530471249228,65.47649130352966,0.09267702285496753
LOBO,萝贝,USD,2024-12-31,A,24019588,14697880,-812836,21188606,18731995,1663445,-725874,119967,7.850658037626449,11.59401897415998,0.8821386112034895
LOBO,萝贝,USD,2023-12-31,A,19671484,13792864,969598,15474918,13266821,262375,1331324,344853,1.695485559277277,14.26887690131864,0.786667543739964
LOBO,萝贝,USD,2022-12-31,A,16937458,11857850,1072433,18298565,15273181,227555,1532528,417268,1.243567460071322,16.53344948087459,1.080360760156571
LOBO,萝贝,USD,2021-12-31,A,11270542,8155148,1648726,14128459,11197314,53139,2229886,568005,0.3761132052688832,20.74638854810705,1.253574051718187
TCOM,携程,USD,2025-09-30,Q,270578000000,100599000000,19890000000,18338000000,3359000000,4083000000,23098000000,3344000000,22.26524157487185,81.68284436688843,0.06777343316899379
TCOM,携程,USD,2025-06-30,Q,252438000000,102958000000,4846000000,14843000000,2818000000,3500000000,5560000000,998000000,23.58013878595971,81.0146196860473,0.05879859609092133
TCOM,携程,USD,2025-03-31,Q,247762000000,100776000000,4277000000,13830000000,2705000000,3525000000,5054000000,638000000,25.4880694143167,80.4410701373825,0.05581969793592238
TCOM,携程,USD,2024-12-31,Q,242581000000,99099000000,2157000000,12744000000,2640000000,3397000000,2358000000,526000000,26.65568110483364,79.28436911487758,0.05253502953652595
TCOM,携程,USD,2024-09-30,Q,244300000000,104173000000,6765000000,15873000000,2800000000,3640000000,6986000000,721000000,22.93202293202293,82.35998235998237,0.06497339336880883
CPOP,华流文化,USD,2025-06-30,A,114884694,93271229,-6887895,107632769,103312870,0,-6570197,323294,,4.013553716154975,0.9368764911364085
CPOP,华流文化,USD,2024-06-30,A,42234757,26909583,-12407127,47381918,44501198,0,-12507696,124419,,6.079787652327624,1.12187026434176
CPOP,华流文化,USD,2023-06-30,A,39045328,12867180,-24330415,18543243,22206058,8694836,-24583132,674564,46.8895111820516,-19.75282856402195,0.4749157953033459
CPOP,华流文化,USD,2022-06-30,A,64367968,11595616,787958,32281543,26036011,0,1559119,871231,,19.34706776562694,0.5015156451730773
CPOP,华流文化,USD,2021-06-30,A,,,,,,,,,,,
LUD,禄达技术,USD,2024-12-31,A,39305825,26642285,-361016,44863430,33458207,1383605,-96795,264221,3.084037488885714,25.42209322827078,1.141393928253637
LUD,禄达技术,USD,2023-12-31,A,46697118,29950119,3032577,51428054,40533077,1364473,3479476,446899,2.653168638268911,21.18489064353864,1.101311091618117
LUD,禄达技术,USD,2022-12-31,A,39633213,25104702,3067290,49851134,39565806,1548516,3568861,501571,3.106280390732937,20.63208431727952,1.257812077966023
LUD,禄达技术,USD,2021-12-31,A,31856948,18741817,4941017,34141664,27006986,1005774,6144979,1203962,2.945884535680511,20.89727671152759,1.071717981270522
YB,元保,USD,2025-09-30,Q,4262888000,1267299000,370364000,1157903000,45066000,95560000,378269000,7905000,8.252850195569058,96.10796413861956,0.2716240726943799
YB,元保,USD,2025-06-30,Q,3905022000,1296867000,304691000,1069926000,40900000,81723000,315809000,11118000,7.638191800180573,96.17730572020868,0.2739871888045701
YB,元保,USD,2025-03-31,Q,3248238000,4548584000,295102000,970056000,44756000,76098000,301820000,6718000,7.844701749177367,95.38624574251384,0.2986406784231944
YB,元保,USD,2024-12-31,Q,2779640000,4413437000,292299000,888757000,42576000,80320000,301334000,9035000,9.03734091545833,95.20948920796123,0.3197381675324862
YB,元保,USD,2024-09-30,Q,2425824000,4281310000,244839000,866776000,44631000,60933000,261325000,16486000,7.029843927381468,94.85091880716587,0.3573119896579471
YB,元保,USD,2024-06-30,Q,,,,,,,,,,,
FUTU,富途控股,USD,2025-09-30,Q,243379270000,206583547000,3227701000,6402900000,793678000,574232000,3869683000,633127000,8.968311233972107,87.60439800715301,0.02630832116474012
FUTU,富途控股,USD,2025-06-30,Q,198399373000,165119851000,2574209000,5310890000,670942000,441925000,3175869000,579809000,8.321110021107573,87.3666748887663,0.02676868338691776
FUTU,富途控股,USD,2025-03-31,Q,180638414000,150348296000,2145323000,4694637000,748953000,385979000,2664660000,490959000,8.221700634149137,84.0466259691644,0.02598913982936099
FUTU,富途控股,USD,2024-12-31,Q,158756933000,130752472000,1871704000,4432548000,776046000,399462000,2273245000,358429000,9.012017467154331,82.49210160837514,0.0279203428551999
FUTU,富途控股,USD,2024-09-30,Q,143462024000,115043807000,1321062000,3436132000,624880000,384728000,1599928000,237546000,11.19654308972996,81.81443553390848,0.02395150928583023
CAAS,中汽系统,USD,2025-09-30,Q,939141000,513307000,9667000,193203000,159825000,10437000,14872000,3190000,5.402090029657924,17.27612925265136,0.205723102281766
CAAS,中汽系统,USD,2025-06-30,Q,843716000,432838000,7625000,176245000,145698000,8092000,15079000,4049000,4.591335924423388,17.33212289710346,0.2088913805119258
CAAS,中汽系统,USD,2025-03-31,Q,845352000,446188000,7122000,167094000,138509000,8713000,12076000,2937000,5.214430200964727,17.1071372999629,0.1976620390086023
CAAS,中汽系统,USD,2024-12-31,Q,850579000,460790000,9068000,188718000,159261000,7770000,8767000,-2001000,4.117254315963502,15.60900391059676,0.2218700438172116
CAAS,中汽系统,USD,2024-09-30,Q,829032000,439773000,5504000,164215000,137859000,6383000,11912000,4042000,3.886977438114667,16.04969095393234,0.1980804118538247
CAAS,中汽系统,USD,2024-06-30,Q,,,,,,,,,,,
RETO,瑞图生态,USD,2024-12-31,A,34256918,4332232,-8352652,1828976,1003772,498168,-8312576,0,27.23753619511683,45.1183613125596,0.05338997512852733
RETO,瑞图生态,USD,2023-12-31,A,25245248,20394074,-15641735,10781,9240,0,-6526322,0,,14.29366478063259,0.00042705066711961
RETO,瑞图生态,USD,2022-12-31,A,24058217,18983688,-14629055,204495,203348,0,-6470955,0,,0.5608939093865376,0.008500006463488129
RETO,瑞图生态,USD,2021-12-31,A,30961067,16876789,-21104826,3600078,3214349,346951,-20474074,3469,9.637318969200113,10.71446229776133,0.1162775817771397
ATAT,亚朵,USD,2025-09-30,Q,8952598000,5261715000,473720000,2627970000,1481838000,44447000,675689000,201299000,1.691305456302774,43.61282663044098,0.2935427235758827
ATAT,亚朵,USD,2025-06-30,Q,8355526000,5067435000,424231000,2468549000,1343773000,42574000,616721000,191871000,1.724656873329231,45.56425657339595,0.2954390902499735
ATAT,亚朵,USD,2025-03-31,Q,7916650000,4633545000,242703000,1905814000,1073571000,39381000,377689000,134111000,2.066361145421327,43.66863712828219,0.2407349068103301
ATAT,亚朵,USD,2024-12-31,Q,7878814000,4932927000,330149000,2084010000,1179615000,46644000,434619000,103959000,2.23818503749982,43.39686469834598,0.2645080845924273
ATAT,亚朵,USD,2024-09-30,Q,7209326000,4618820000,384389000,1898582000,1103224000,30240000,523982000,143272000,1.592767655018324,41.89221218783282,0.2633508319640421
GCT,大健云仓,USD,2025-09-30,Q,1124111000,666796000,37175000,332638000,255589000,2534000,44032000,6857000,0.761789092046008,23.16301805566411,0.2959120585066777
GCT,大健云仓,USD,2025-06-30,Q,1082775000,651331000,34552000,322606000,245662000,3184000,40954000,6402000,0.9869624247534144,23.85076532984507,0.2979437094502551
GCT,大健云仓,USD,2025-03-31,Q,1091037000,678140000,27146000,271906000,208180000,2493000,32505000,5359000,0.9168609740130781,23.43677594462792,0.2492179458625143
GCT,大健云仓,USD,2024-12-31,Q,1070475000,665258000,30959000,295782000,230792000,2356000,30386000,-573000,0.796532581428214,21.97226335612039,0.2763091151124501
GCT,大健云仓,USD,2024-09-30,Q,1073343000,672956000,40685000,303316000,226065000,2582000,47874000,7189000,0.8512574344907622,25.46881799839112,0.2825900015186198
GCT,大健云仓,USD,2024-06-30,Q,,,,,,,,,,,
ATHM,汽车之家,USD,2025-09-30,Q,28773351000,3451212000,468003000,1778094000,645960000,278619000,441529000,18390000,15.66953153207873,63.6712119831685,0.06179655612584019
ATHM,汽车之家,USD,2025-06-30,Q,28933661000,3576214000,446221000,1758120000,503424000,253017000,461444000,60596000,14.39133847518941,71.3657770800628,0.06076382798568076
ATHM,汽车之家,USD,2025-03-31,Q,29011574000,3756967000,386104000,1453818000,315520000,274141000,398790000,56329000,18.85662441928769,78.29714586007327,0.0501116554379297
ATHM,汽车之家,USD,2024-12-31,Q,30221625000,5020975000,348418000,1783436000,428558000,327987000,344082000,31375000,18.39073563615403,75.97009368432622,0.05901191613621042
ATHM,汽车之家,USD,2024-09-30,Q,29921891000,3886891000,469933000,1774532000,407668000,339159000,289220000,-138982000,19.11258855856079,77.02673155513679,0.0593054763818236
IZM,拍明芯城,USD,2024-06-30,A,39975042,24594328,-2272297,177933890,172983529,481548,-2338013,-65716,0.2706330986188185,2.782134982829859,4.451124529149963
IZM,拍明芯城,USD,2023-06-30,A,88175838,72631642,1751170,214405226,209112615,437261,2016840,-265670,0.2039413908688961,2.468508393540743,2.431564370275676
IZM,拍明芯城,USD,2022-06-30,A,89633012,79138097,2569810,290376371,282561907,530144,3157086,-587276,0.1825713291251236,2.691150100501807,3.23961411672744
IZM,拍明芯城,USD,2021-06-30,A,87510007,80096714,2634566,279360826,271339544,238070,3703439,1068873,0.085219536113485,2.871298068112098,3.192330061178032
LI,理想汽车,USD,2025-09-30,Q,153115695000,79918084000,-624976000,27364662000,22895661000,2974338000,-738930000,-114534000,10.86926635527236,16.33128521740923,0.178718857005482
LI,理想汽车,USD,2025-06-30,Q,161286005000,87657512000,1092571000,30245613000,24178644000,2810170000,1288984000,192048000,9.291165631194183,20.05900492081281,0.1875278205322278
LI,理想汽车,USD,2025-03-31,Q,161854705000,89528624000,650324000,25926814000,20608355000,2513854000,774425000,127780000,9.69596187175177,20.51335347258633,0.1601857295405778
LI,理想汽车,USD,2024-12-31,Q,162349078000,91028696000,3522937000,44273672000,35303454000,2408357000,4061704000,529010000,5.439704662400715,20.26084034773533,0.2727066426579891
LI,理想汽车,USD,2024-09-30,Q,154820676000,87790174000,2814262000,42874218000,33649545000,2586534000,3400279000,579789000,6.03284239493301,21.51566472885873,0.2769282443903035
LI,理想汽车,USD,2024-06-30,Q,,,,,,,,,,,
CHT,中华电信,USD,2025-09-30,Q,513095556000,122665684000,9440098000,57602308000,36412454000,1097567000,12258074000,2403225000,1.905421914691335,36.7864669589281,0.1122642894221442
CHT,中华电信,USD,2025-06-30,Q,544484355000,164861133000,10167164000,56396180000,34955117000,1100949000,13130257000,2525631000,1.952169455448933,38.01864417058034,0.1035772276689199
CHT,中华电信,USD,2025-03-31,Q,537230081000,128954737000,9799194000,55428544000,34203238000,1029841000,12699011000,2503200000,1.857961486413931,38.29309678421284,0.1031746842932274
CHT,中华电信,USD,2024-12-31,Q,534297000000,138491000000,8972708000,64740610000,43634807000,1151660000,12017433000,2510107000,1.778883455067847,32.60056245994593,0.1211697052388466
CHT,中华电信,USD,2024-09-30,Q,509622790000,122935189000,9005006000,55342425000,35207760000,1067585000,11489102000,2203816000,1.929053524488672,36.38197097434744,0.1085948785767607
CHT,中华电信,USD,2024-06-30,Q,,,,,,,,,,,
XCH,智能充电,USD,2024-06-30,Q,44005591,74967689,-951159,8997506,4845198,1178086,-951159,0,13.09347279123793,46.14954410700032,0.2044627920120423
SFWL,盛丰物流,USD,2024-12-31,A,310130000,186684000,10878000,504158000,457874000,,12493000,1666000,,9.180455333447055,1.625634411375875
SFWL,盛丰物流,USD,2023-12-31,A,265838000,153525000,10294000,404121000,357615000,,12628000,2320000,,11.50793945377746,1.520177702209616
SFWL,盛丰物流,USD,2022-12-31,A,245259000,150173000,7787000,370325000,328793000,,9425000,1599000,,11.2150138391953,1.509934395883535
SFWL,盛丰物流,USD,2021-12-31,A,244209000,148311000,6898000,346699000,305354000,,8161000,1517000,,11.92533004133268,1.419681502319734
GSUN,金太阳健康科技,USD,2024-09-30,A,17083469,16672098,-3706166,10159020,7796239,,-3950235,18617,,23.25796189002482,0.5946696189163923
GSUN,金太阳健康科技,USD,2023-09-30,A,19448093,15071828,-5786311,6155593,4363124,,-5643216,136838,,29.11935535698998,0.3165139636055833
GSUN,金太阳健康科技,USD,2022-09-30,A,23438586,14705467,-2139320,10814656,6003258,,-1763820,354529,,44.48960743642701,0.4614039430535614
GSUN,金太阳健康科技,USD,2021-09-30,A,6635880,14276362,1978553,15026991,6210672,,1966218,659858,,58.66988940101182,2.264506139351525
EHGO,一修哥,USD,2025-03-31,A,24809293,8252176,-10798318,13472112,10370298,19954,-10787168,113438,0.1481133767296471,23.02396238986137,0.5430268407890543
EHGO,一修哥,USD,2024-03-31,A,19686668,2578802,8652,16963957,12392482,223136,970133,124802,1.315353487396838,26.94816427558736,0.8616977235558603
EHGO,一修哥,USD,2023-03-31,A,20694520,3967763,477689,18425312,13726491,250344,1377755,107829,1.358696124114479,25.50198878586153,0.8903473963155464
EHGO,一修哥,USD,2022-03-31,A,19374622,3246016,1828360,23875331,16253591,302479,3061151,163587,1.266910184407496,31.92307574709645,1.232299190146781
EHGO,一修哥,USD,2021-03-31,A,,,,,,,,,,,
BHAT,蓝帽子,USD,2024-12-31,A,75232436,43089618,-9524783,18724190,17178241,3168397,-9524783,0,16.92141021854617,8.256426579734558,0.2488845369834894
BHAT,蓝帽子,USD,2023-12-31,A,49262838,8640763,-19298018,73686733,72532882,2570158,-29101646,6081,3.487952166368945,1.565887036951414,1.495787412816127
BHAT,蓝帽子,USD,2022-12-31,A,34276858,19747519,-9365056,2195954,958438,2734982,-8025166,1097888,124.5464158174534,56.35436807874846,0.06406520691015495
BHAT,蓝帽子,USD,2021-12-31,A,36511577,18861371,-57135940,12139500,5782664,11233806,-51491712,1104,92.53928086000246,52.36489146999465,0.3324835845901699
HSAI,禾赛,USD,2025-09-30,Q,10912702000,2072312000,256173000,795395000,460496000,198862000,283724000,27500000,25.00166583898566,42.10474041199655,0.07288708149457394
HSAI,禾赛,USD,2025-06-30,Q,6262085000,1906851000,44086000,706388000,405910000,199219000,44191000,94000,28.20248928350991,42.5372458195779,0.1128039622585768
HSAI,禾赛,USD,2025-03-31,Q,5827382000,1550248000,-17549000,525302000,306067000,183306000,-17604000,-67000,34.89535543363627,41.73504003411371,0.09014373864627374
HSAI,禾赛,USD,2024-12-31,Q,5989611000,2057880000,146963000,719758000,438725000,242382000,147558000,583000,33.67548537147208,39.04548473236838,0.1201677371034613
HSAI,禾赛,USD,2024-09-30,Q,5557184000,1834554000,-70355000,539417000,281913000,220248000,-70441000,-68000,40.83074875282017,47.73746470726729,0.09706660783591113
MNSO,名创优品,USD,2025-09-30,Q,28668811000,17840971000,440539000,5796645000,3206573000,,670148000,226950000,,44.68226016946009,0.202193421973447
MNSO,名创优品,USD,2025-06-30,Q,26647788000,15748869000,489688000,4966068000,2767187000,,626510000,136979000,,44.27810895863689,0.1863594831961287
MNSO,名创优品,USD,2025-03-31,Q,26186267000,15507801000,416342000,4427044000,2469007000,,567681000,151222000,,44.22899343218635,0.1690597594533043
MNSO,名创优品,USD,2024-12-31,Q,18120128000,7764606000,805693000,4712705000,2495407000,,956000000,146272000,,47.04936973564015,0.2600812201768111
MNSO,名创优品,USD,2024-09-30,Q,16134822000,6569859000,641765000,4522577000,2492601000,,862411000,214090000,,44.88538282488059,0.2802991566935167
MNSO,名创优品,USD,2024-06-30,Q,,,,,,,,,,,
HKD,尚乘数科,USD,2024-10-31,A,502931000,344172000,44443000,23448000,5057000,,42460000,785000,,78.43312862504264,0.04662269774581404
HKD,尚乘数科,USD,2023-04-30,A,483608000,140574000,42059000,33066000,9868000,,45298000,4485000,,70.1566563842013,0.06837355875006203
HKD,尚乘数科,USD,2022-04-30,A,410505000,15060000,27493000,25271000,9293000,,28870000,3030000,,63.22662340231886,0.06156076052666837
HKD,尚乘数科,USD,2021-04-30,A,,,22937000,25251000,6193000,,25307000,3173000,,75.47423864401411,
NWGL,刺梨工坊,USD,2024-12-31,A,40808071,31699979,-8728529,21539347,16282109,,-8802044,-73515,,24.4076015860648,0.5278207587905833
NWGL,刺梨工坊,USD,2023-12-31,A,54320888,36139200,-11933328,25456775,23071638,,-11976182,-42854,,9.369360415842149,0.4686369449630499
NWGL,刺梨工坊,USD,2022-12-31,A,68046687,55555011,4778895,55339277,35423411,,5210820,431925,,35.98866316956038,0.8132545380203448
NWGL,刺梨工坊,USD,2021-12-31,A,64199621,56172009,1332290,47684127,31272086,,1960543,628253,,34.41824781651135,0.7427477959721912
ASX,日月光半导体,USD,2025-09-30,Q,842644000000,503091000000,10870000000,168569000000,139692000000,8308000000,13976000000,2615000000,4.928545580741417,17.13067052660928,0.2000477069794599
ASX,日月光半导体,USD,2025-06-30,Q,765175000000,450240000000,7521000000,150750000000,125063000000,8004000000,9255000000,1576000000,5.309452736318408,17.03946932006633,0.1970137550233607
ASX,日月光半导体,USD,2025-03-31,Q,774177000000,439154000000,7554000000,148153000000,123260000000,7579000000,9810000000,2022000000,5.115657462218112,16.80222472714019,0.1913683821658355
ASX,日月光半导体,USD,2024-12-31,Q,741060069000,398789156000,9274936000,162263585000,135638841000,7676313000,11556373000,2019463000,4.730767534810722,16.40832969393595,0.2189614469700971
ASX,日月光半导体,USD,2024-09-30,Q,714559000000,383506000000,9733000000,160105000000,133679000000,7439000000,12325000000,2052000000,4.646325848661816,16.50541831922801,0.2240612741565077
DSWL,德斯维尔工业,USD,2025-03-31,A,120208000,18088000,11138000,67610000,53967000,,11300000,162000,,20.17896760834196,0.5624417676028218
DSWL,德斯维尔工业,USD,2024-03-31,A,111076000,16906000,7709000,69368000,55465000,,7819000,110000,,20.04238265482643,0.6245093449530051
DSWL,德斯维尔工业,USD,2023-03-31,A,110379000,20730000,2059000,77337000,64498000,,2314000,255000,,16.60136803858438,0.700649580083168
DSWL,德斯维尔工业,USD,2022-03-31,A,115411000,24633000,8232000,85980000,72028000,,8067000,-165000,,16.2270295417539,0.7449896457010163
DSWL,德斯维尔工业,USD,2021-03-31,A,,,,,,,,,,,
PN,斯凯蒙太阳能,USD,2024-09-30,A,31951923,13187583,470987,49864047,43329908,1874219,1275618,109799,3.758658016666798,13.10390831293738,1.560596118111577
PN,斯凯蒙太阳能,USD,2023-09-30,A,29599605,12565465,1099661,50815675,42193756,607484,2559800,752072,1.195465769174571,16.96704609355283,1.716768686609162
PN,斯凯蒙太阳能,USD,2022-09-30,A,32845341,17154355,1618054,59059644,50059016,318308,3224375,1074568,0.5389602416160856,15.23989545212972,1.79811328492525
PN,斯凯蒙太阳能,USD,2021-09-30,A,25961389,10844648,2085916,40323538,32563195,11378,3090400,808171,0.02821677006615838,19.24519371291279,1.553211887083545
CENN,Cenntro Inc,USD,2025-09-30,Q,112709739,36566787,-6706291,4570218,4466900,518852,-6393457,-12969,11.35289388821277,2.260679906297686,0.04054856342094804
CENN,Cenntro Inc,USD,2025-06-30,Q,124398503,44652256,-9889337,6406918,6425822,648861,-8204804,-15408,10.12750592406521,-0.295056062837077,0.05150317604706224
CENN,Cenntro Inc,USD,2025-03-31,Q,129341972,55909814,-5654336,2143058,1821531,784178,-5373899,-11632,36.59154348599058,15.00318703460196,0.01656892938047983
CENN,Cenntro Inc,USD,2024-12-31,Q,132566314,54606812,-17482063,2853562,527103,868650,-6695695,11625,30.44090158195266,81.52824434864215,0.02152554381198228
CENN,Cenntro Inc,USD,2024-09-30,Q,159835186,62975254,-8971772,16230299,9932846,1401991,-5313883,-12334,8.638109501248252,38.80059757371075,0.1015439679220569
CENN,Cenntro Inc,USD,2024-06-30,Q,,,,,,,,,,,
TC,团车,USD,2024-12-31,A,44143000,184950000,-187991000,49176000,15596000,11890000,-187991000,0,24.17846103790467,68.28534244346835,1.114015812246562
TC,团车,USD,2023-12-31,A,119348000,99864000,-82971000,162367000,68942000,11267000,-82971000,0,6.939217944533064,57.53940147936465,1.360450112276703
TC,团车,USD,2022-12-31,A,235269000,142485000,-166490000,183188000,70537000,19799000,-171941000,-5451000,10.8080223595432,61.49474856431644,0.778632118978701
TC,团车,USD,2021-12-31,A,353075000,159765000,-101945000,357552000,85290000,35651000,-101945000,0,9.970857385778851,76.14612699691233,1.012680025490335
VSA,VisionSys AI Inc ADR,USD,2024-12-31,A,100617000,1904212000,-586542000,1170858000,747156000,19101000,-503937000,31492000,1.631367766202221,36.18730879406384,11.63678106085453
VSA,VisionSys AI Inc ADR,USD,2023-12-31,A,1018243000,2519593000,8926000,1375192000,750840000,11654000,14362000,-7972000,0.8474453021832588,45.40107854030565,1.350553846184064
VSA,VisionSys AI Inc ADR,USD,2022-12-31,A,1337500000,2844181000,83520000,1399844000,728416000,20248000,-16566000,-14504000,1.446446889796291,47.9644874714611,1.046612336448598
VSA,VisionSys AI Inc ADR,USD,2021-12-31,A,1641782000,3234202000,-474547000,1236273000,795669000,40311000,-392837000,116451000,3.260687566581168,35.63970093984096,0.7530067938374279
SOHU,搜狐,USD,2025-09-30,Q,1690595000,633929000,8666000,180161000,34866000,61820000,25302000,16636000,34.3137526989748,80.64730990613951,0.1065666229936797
SOHU,搜狐,USD,2025-06-30,Q,1676517000,614432000,-20016000,126267000,28291000,58824000,-11079000,8937000,46.58699422652,77.59430413330483,0.07531507285640408
SOHU,搜狐,USD,2025-03-31,Q,1703481000,609311000,182160000,135645000,33146000,62972000,-7240000,-189391000,46.42412178849202,75.56415643776033,0.07962812617223204
SOHU,搜狐,USD,2024-12-31,Q,1734666000,811978000,-21291000,134684000,37033000,61584000,-6873000,14387000,45.72480769801906,72.5037866413234,0.07764261246833684
SOHU,搜狐,USD,2024-09-30,Q,1788127000,814252000,-16347000,151992000,39615000,62231000,-1319000,15028000,40.94360229485762,73.93612821727459,0.08500067388949442
SOHU,搜狐,USD,2024-06-30,Q,,,,,,,,,,,
JD,京东,USD,2025-09-30,Q,713529000000,409109000000,5276000000,299059000000,248585000000,5646000000,6633000000,252000000,1.887921781320743,16.87760609110577,0.4191266227441351
JD,京东,USD,2025-06-30,Q,706939000000,409650000000,6178000000,356660000000,300020000000,5299000000,6699000000,-10000000,1.485728705209443,15.88067066674143,0.504513119236596
JD,京东,USD,2025-03-31,Q,677862000000,369191000000,10890000000,301082000000,253234000000,4621000000,13342000000,2063000000,1.534797829162819,15.89201612849656,0.4441641514054483
JD,京东,USD,2024-12-31,Q,698234000000,384937000000,9854000000,346986000000,293869000000,4384000000,11614000000,750000000,1.263451551359421,15.30811041367663,0.4969480145624533
JD,京东,USD,2024-09-30,Q,643559000000,346814000000,11731000000,260387000000,215344000000,4396000000,15243000000,2406000000,1.688256326160676,17.29848264314271,0.4046047060176301
YQ,一起教育科技,USD,2025-09-30,Q,482512000,148364000,-44513000,20009000,9762000,15248000,-44513000,0,76.20570743165575,51.2119546204208,0.04146839871339988
YQ,一起教育科技,USD,2025-06-30,Q,493899000,148660000,-25952000,25410000,10798000,12002000,-25946000,6000,47.23337268791814,57.50491932310114,0.05144776563629406
YQ,一起教育科技,USD,2025-03-31,Q,518184000,149468000,-30944000,21668000,13835000,12592000,-30944000,0,58.11334687096179,36.15008307181097,0.04181526253222793
YQ,一起教育科技,USD,2024-12-31,Q,549517000,155878000,-63748000,36593000,24309000,16969000,-63748000,0,46.37225698904162,33.56926188068756,0.06659120645949079
YQ,一起教育科技,USD,2024-09-30,Q,555711000,153868000,-17401000,59627000,23289000,12789000,-17401000,0,21.44833716269475,60.94219061834404,0.1072985778579154
YQ,一起教育科技,USD,2024-06-30,Q,,,,,,,,,,,
HERE,奇梦岛,USD,2025-09-30,Q,1445764000,335144000,291611000,127147000,74725000,15820000,-24587000,1170000,12.44229120624159,41.22944308556238,0.08794450546562232
HERE,奇梦岛,USD,2025-06-30,Q,,,,,,,,,,,
HERE,奇梦岛,USD,2025-03-31,Q,1722607000,918612000,41145000,570706000,96556000,20891000,57424000,16280000,3.660553770242472,83.08130631183131,0.3313036577698802
HERE,奇梦岛,USD,2024-12-31,Q,1487012000,823022000,126756000,726647000,122512000,28354000,145739000,18983000,3.902032210963507,83.14009415851163,0.4886624990248902
HERE,奇梦岛,USD,2024-09-30,Q,1516854000,914132000,80688000,810404000,134448000,28080000,113920000,33232000,3.464938475130922,83.4097561216381,0.5342663169955711
HERE,奇梦岛,USD,2024-06-30,Q,1426019000,909535000,196607000,1000083000,141252000,21213000,244883000,48276000,2.121123946712423,85.87597229429957,0.7013111326006175
POM,石榴云医,USD,2024-12-31,A,46227586,2140960106,-143360926,342557920,294863867,3002040,-37365434,0,0.876359828434269,13.92291645161788,7.410248936641424
POM,石榴云医,USD,2023-12-31,A,66307497,2027727136,-145390832,304852971,266131202,3370945,-36949421,0,1.105760914496713,12.70178501885094,4.597564148741733
POM,石榴云医,USD,2022-12-31,A,48617692,1946620159,-125510228,245216716,190355421,3587898,-19832028,0,1.463153922997647,22.37257553029134,5.043775340055221
POM,石榴云医,USD,2021-12-31,A,19311256,1796801616,-188402525,215384670,162877305,4281951,-96181846,0,1.988048174459213,24.37841328261663,11.15332270464438
JXG,金铉集团,USD,2024-12-31,A,29687714,8785205,3073834,49840288,41487972,,3818032,744225,,16.75816159007749,1.678818652052495
JXG,金铉集团,USD,2023-12-31,A,21918401,6763706,3043779,31840588,26384219,,3043779,0,,17.13652084565775,1.452687538657587
JXG,金铉集团,USD,2022-12-31,A,16256277,3930385,-73492431,79874727,78410244,,-55382660,621,,1.833474811125176,4.913469855367253
JXG,金铉集团,USD,2021-12-31,A,38094422,7222081,-37215483,54040948,53193237,,-7346874,5495,,1.568645686970554,1.418605275071505
DQ,大全新能源,USD,2025-09-30,Q,6342224000,497345000,-14918000,244601000,234949000,559000,-11886000,2958000,0.2285354516130351,3.946018209246896,0.03856707047874688
DQ,大全新能源,USD,2025-06-30,Q,6290031000,483126000,-76478000,75189000,156595000,796000,-106817000,-8172000,1.058665496282701,-108.2684967215949,0.01195367717583586
DQ,大全新能源,USD,2025-03-31,Q,6310686000,497336000,-71837000,123914000,205449000,507000,-105007000,-12274000,0.4091547363494036,-65.79966751133851,0.01963558319967116
DQ,大全新能源,USD,2024-12-31,Q,6418243000,560377000,-180182000,195359000,260622000,372000,-290486000,-48973000,0.1904186651242072,-33.40670253226111,0.03043808095143796
DQ,大全新能源,USD,2024-09-30,Q,7048705000,724284000,-60724000,198496000,259090000,813000,-88937000,-12007000,0.4095800419152023,-30.52655972916331,0.02816063376180447
DQ,大全新能源,USD,2024-06-30,Q,,,,,,,,,,,
HXHX,昊鑫控股,USD,2024-12-31,A,32379245,14006704,3173703,25571810,19086439,,4593844,1420141,,25.36140773766112,0.7897593041468385
HXHX,昊鑫控股,USD,2023-12-31,A,28149538,12451564,3969498,26664602,19805055,,5504289,1534791,,25.72529303081291,0.9472482994214683
HXHX,昊鑫控股,USD,2022-12-31,A,21686292,9300526,4286999,28948039,21205463,,5923305,1636306,,26.74646113334309,1.334854248019901
HXHX,昊鑫控股,USD,2021-12-31,A,20393413,11499371,5269448,29925498,22100784,,7003015,1733567,,26.14731424018407,1.467409991647793
CYD,玉柴国际,USD,2024-12-31,A,27048094000,14748529000,323055000,19133575000,16315074000,984659000,620540000,128798000,5.146236393355659,14.73065540548486,0.7073908793721287
CYD,玉柴国际,USD,2023-12-31,A,25757618000,13581993000,285518000,18046349000,15502876000,876578000,571352000,148496000,4.857370319060104,14.0941139950247,0.7006218121566986
CYD,玉柴国际,USD,2022-12-31,A,24137556000,12302492000,218581000,16030636000,13857659000,836438000,394726000,59065000,5.217746819277788,13.55515152362015,0.6641366673577059
CYD,玉柴国际,USD,2021-12-31,A,24905309000,13289965000,272673000,21265930000,18507839000,848812000,451710000,43816000,3.991417257557041,12.96952919529031,0.8538713573077933
MLCO,新濠博亚娱乐,USD,2025-09-30,Q,8102830000,9056134000,74686000,1309507000,801082000,996000,62905000,845000,0.0760591581411936,38.82568019873128,0.1616110667507525
MLCO,新濠博亚娱乐,USD,2025-06-30,Q,7812504000,8885846000,17192000,1328211000,871248000,1846000,21253000,11898000,0.1389839415574784,34.40439809638679,0.1700109209544085
MLCO,新濠博亚娱乐,USD,2025-03-31,Q,7903733000,8850669000,32532000,1232308000,775361000,3424000,32359000,4612000,0.2778526147683858,37.08058375016635,0.1559146798101606
MLCO,新濠博亚娱乐,USD,2024-12-31,Q,7985343000,8925307000,-20274000,1191018000,778622000,1892000,-34949000,4963000,0.158855701593091,34.62550524005515,0.1491505123824988
MLCO,新濠博亚娱乐,USD,2024-09-30,Q,7994828000,8886059000,27257000,1175133000,742448000,1469000,17552000,4862000,0.1250071268528754,36.82008759859522,0.1469866518704342
TIRX,天睿祥,USD,2024-10-31,A,39979194,6089064,-3986925,3219336,1701489,,-3944805,42123,,47.14782799931415,0.08052528522711089
TIRX,天睿祥,USD,2023-10-31,A,35479774,3062868,-2453977,1244247,460791,,-2292643,161339,,62.96627598860998,0.03506919181615982
TIRX,天睿祥,USD,2022-10-31,A,35030828,1548806,-4684157,1351909,2691751,,-4660550,23639,,-99.10741033605073,0.03859197961292836
TIRX,天睿祥,USD,2021-10-31,A,40350466,1355564,-1944549,2790617,948900,,-1920048,24529,,65.99676702320669,0.06915947389554311
BABA,阿里巴巴,USD,2025-09-30,Q,1883880000000,772095000000,21019000000,247795000000,150781000000,17095000000,23921000000,5550000000,6.898847837930547,39.15091103533162,0.1315343864789689
BABA,阿里巴巴,USD,2025-06-30,Q,1847085000000,753766000000,40649000000,247652000000,136429000000,15001000000,50234000000,8865000000,6.057290068321677,44.91100415098606,0.134077208141477
BABA,阿里巴巴,USD,2025-03-31,Q,1804227000000,714121000000,12559000000,236454000000,145626000000,14934000000,18473000000,6854000000,6.315816184120379,38.41254535765942,0.1310555711670427
BABA,阿里巴巴,USD,2024-12-31,Q,1854964000000,760169000000,49127000000,280154000000,162524000000,14662000000,54454000000,11149000000,5.233550118863197,41.98762109411253,0.1510293461220811
BABA,阿里巴巴,USD,2024-09-30,Q,1762712000000,704834000000,44033000000,236503000000,144029000000,14182000000,49948000000,7379000000,5.996541270089597,39.10056109224831,0.1341699608330799
BABA,阿里巴巴,USD,2024-06-30,Q,,,,,,,,,,,
SEED,奥瑞金种业,USD,2024-09-30,A,131562000,190161000,20712000,113381000,97314000,10126000,18739000,61000,8.930949630008556,14.17080463216941,0.8618066006901689
SEED,奥瑞金种业,USD,2023-09-30,A,238506000,319766000,55332000,93307000,76060000,7447000,62831000,162000,7.981180404471261,18.48414374055537,0.3912144767846511
SEED,奥瑞金种业,USD,2022-09-30,A,135955000,308597000,-6265000,52580000,36386000,7434000,2311000,-14000,14.13845568657284,30.79878280715101,0.3867456143576919
SEED,奥瑞金种业,USD,2021-09-30,A,119038000,304636000,-91529000,46425000,33611000,1979000,-126903000,178000,4.26278944534195,27.60150780829295,0.3900015121221795
STG,尚德机构,USD,2025-09-30,Q,2124904000,1209615000,125436000,523049000,60314000,8671000,153054000,24360000,1.657779672650172,88.46876678858003,0.2461518261530874
STG,尚德机构,USD,2025-06-30,Q,2151051000,1361674000,126645000,539015000,69641000,6946000,140452000,13550000,1.288646883667431,87.07995139281837,0.2505821572803248
STG,尚德机构,USD,2025-03-31,Q,2119541000,1459452000,75176000,487625000,72336000,6242000,85761000,9774000,1.280082030248654,85.16564983337605,0.2300616029602636
STG,尚德机构,USD,2024-12-31,Q,2121163000,1521305000,57806000,483477000,81687000,4492000,67944000,8275000,0.9291031424452456,83.10426349133463,0.2279301496396081
STG,尚德机构,USD,2024-09-30,Q,2153968000,1609453000,89289000,491264000,82093000,5849000,82053000,-6506000,1.190602201667535,83.28943297290256,0.2280739546734213
STG,尚德机构,USD,2024-06-30,Q,,,,,,,,,,,
ACMR,ACM Research Inc-A,USD,2025-09-30,Q,2770643000,885429000,35889000,269160000,156011000,39651000,49087000,2689000,14.73138653588943,42.03782137018873,0.09714712433178868
ACMR,ACM Research Inc-A,USD,2025-06-30,Q,2039715000,848026000,29760000,215372000,110911000,33817000,38161000,1891000,15.70166966922348,48.50259086603644,0.1055892612448308
ACMR,ACM Research Inc-A,USD,2025-03-31,Q,1933768000,778415000,20380000,172347000,89797000,27503000,27166000,2153000,15.95792209902116,47.89755551300574,0.08912496224986659
ACMR,ACM Research Inc-A,USD,2024-12-31,Q,1855721000,759815000,31080000,223471000,112656000,27750000,56425000,17319000,12.41771863015783,49.5880897297636,0.1204227359608476
ACMR,ACM Research Inc-A,USD,2024-09-30,Q,1794175000,725092000,30904000,203976000,99142000,27837000,42679000,4007000,13.64719378750441,51.39526218770835,0.1136879066980646
SUGP,荣志集团,USD,2024-09-30,A,157077960,59356264,10653488,182164539,134568099,,11961230,1307742,,26.12826857591642,1.15970782279067
SUGP,荣志集团,USD,2023-09-30,A,114440119,58015578,9697369,163690966,115648013,,12141994,2338850,,29.34978891871162,1.430363472446232
SUGP,荣志集团,USD,2022-09-30,A,93536089,51875012,7762677,136447442,97220327,,10222751,1972577,,28.7488826650191,1.458767877284243
SUGP,荣志集团,USD,2021-09-30,A,99363726,57912423,5799176,117565797,81595840,,9106673,3084527,,30.59559660876538,1.183186276649891
KBSX,FST Corp,USD,2025-09-30,Q,61009637,50266285,-672771,12554939,7631555,342679,-493023,222933,2.729435802117398,39.21471860596057,0.2057861612912072
KBSX,FST Corp,USD,2024-12-31,Q,58581031,35582757,-1554901,10142024,5477339,296948,-1199337,355564,2.927896837948717,45.99363006831773,0.1731281240167999
KBSX,FST Corp,USD,2024-09-30,Q,,,-1757891,8527875,5221519,339700,-1824659,-66768,3.983407355290738,38.77115928645765,
EPOW,晖阳新能源,USD,2024-12-31,A,143023032,115728359,-11776436,64997741,70795321,2507324,-17975601,5563,3.857555603355507,-8.919663838778643,0.4544564612502411
EPOW,晖阳新能源,USD,2023-12-31,A,120504530,75172766,-24232580,45050405,57453656,1193082,-32920950,-226,2.648326912932303,-27.53194116678862,0.3738482279462855
EPOW,晖阳新能源,USD,2022-12-31,A,107022374,33660777,-22636622,38125668,39476046,1053882,-22315432,808970,2.76423222276394,-3.541913023005918,0.3562401633886387
EPOW,晖阳新能源,USD,2021-12-31,A,58695084,1720882,-8403260,7409272,3886654,2151565,-8950913,-236581,29.03881784877111,47.54337538154896,0.1262332634194714
EM,怪兽充电,USD,2024-12-31,Q,4127560000,1471039000,-27842000,543508000,405054000,22354000,-20301000,7541000,4.112910941513281,25.47414205494675,0.1316777951138203
EM,怪兽充电,USD,2024-09-30,Q,4142056000,1495922000,4246000,490783000,298396000,20042000,28569000,24323000,4.083678530022433,39.20001304038648,0.1184877751532089
EM,怪兽充电,USD,2024-06-30,Q,4272499000,1588426000,9178000,462923000,219600000,20812000,20191000,11013000,4.495780075736137,52.56230517818297,0.1083494694791034
UCAR,优品车,USD,2024-12-31,A,385714000,64734000,-47922000,44290000,33827000,2985000,-56362000,0,6.739670354481825,23.62384285391736,0.1148260109822304
UCAR,优品车,USD,2023-12-31,A,428988000,84368000,-19338000,19764000,7592000,2184000,-22853000,2613000,11.05039465695203,61.58672333535722,0.04607121877535036
UCAR,优品车,USD,2022-12-31,A,281854000,76839000,-45921000,7796000,5137000,9352000,-57662000,5000,119.9589533093894,34.10723447922011,0.02765971034649145
UCAR,优品车,USD,2021-12-31,A,353669000,95987000,-41399000,8010000,5137000,5374000,-46482000,2582000,67.09113607990012,35.86766541822722,0.02264829544008664
HDL,海底捞,USD,2025-09-30,Q,719600000,337561000,3609000,214048000,142258000,,6303000,2710000,,33.53920615936612,0.2974541411895498
HDL,海底捞,USD,2025-06-30,Q,702439000,327532000,16414000,198950000,137905000,,19538000,3147000,,30.68358884141744,0.2832274403898417
HDL,海底捞,USD,2025-03-31,Q,684655000,316868000,11938000,197783000,136999000,,15135000,3255000,,30.73267166541108,0.2888798007755731
HDL,海底捞,USD,2024-12-31,Q,684425000,322764000,-11340000,208762000,129030000,,-8605000,3003000,,38.1927745470919,0.305018080870804
HDL,海底捞,USD,2024-09-30,Q,666434000,305527000,37724000,198616000,131293000,,41220000,3564000,,33.89606074032304,0.2980280117761099
RDGT,Ridgetech Inc,USD,2025-03-31,A,64484872,34848490,10194467,119971638,116132823,,-950660,503524,,3.19976876534769,1.860461752951917
RDGT,Ridgetech Inc,USD,2024-03-31,A,95057090,80763953,-4234228,123994053,119115636,,-827069,-41363,,3.934395950425139,1.304416672128297
RDGT,Ridgetech Inc,USD,2023-03-31,A,90970602,74303450,-21138525,120199193,116597751,,-15440760,394541,,2.996228102795998,1.321297104310687
RDGT,Ridgetech Inc,USD,2022-03-31,A,106384209,83645423,-3192119,164392555,127873515,,-2098640,1099726,,22.21453398543504,1.545272146545734
RDGT,Ridgetech Inc,USD,2021-03-31,A,,,,,,,,,,,
RCON,研控科技,USD,2024-06-30,A,552389514,61455617,-49871259,68854280,47976836,14288879,-51435810,30,20.75234684031261,30.32120007645131,0.1246480576747516
RCON,研控科技,USD,2023-06-30,A,531824577,92673674,-59167301,67114378,48247395,8806205,-61458053,18339,13.12118991850003,28.1116856957238,0.1261964581979069
RCON,研控科技,USD,2022-06-30,A,490242084,77357323,95586795,83777571,64352834,8964217,93675521,-613874,10.70002017604449,23.18608282400549,0.1708902065617035
RCON,研控科技,USD,2021-06-30,A,566516660,279001194,-22832734,47938575,40723547,5846295,-26391079,-524251,12.19538753498618,15.05056835752836,0.0846198856711469
SDA,盛大科技,USD,2025-09-30,Q,273976000,185206000,-91000,115775000,52822000,1671000,1958000,549000,1.443316778233643,54.37529691211401,0.4225735100884749
SDA,盛大科技,USD,2025-03-31,Q,276681000,187067000,-3402000,102595000,48422000,923000,-3731000,-84000,0.8996539792387545,52.80276816608996,0.3708060907687915
SDA,盛大科技,USD,2024-12-31,Q,246728000,180494000,-3916000,129188000,231591000,6619000,-958000,1922000,5.123540886150416,-79.266650153265,0.5236049414740118
SDA,盛大科技,USD,2024-09-30,Q,252055000,176850000,-2164000,109623000,51222000,1420000,-769000,664000,1.295348603851382,53.27440409403136,0.4349169824046339
SDA,盛大科技,USD,2024-06-30,Q,243936000,174496000,-59316000,117499000,63133000,31599000,-54687000,466000,26.89299483399859,46.26932995174427,0.4816796208841663
WTG,Wintergreen Acquisition Corp,USD,2025-09-30,Q,58319845,66274,566442,0,,,566442,0,,,
WTG,Wintergreen Acquisition Corp,USD,2025-06-30,Q,57751032,63903,113309,0,,,113309,0,,,
WTG,Wintergreen Acquisition Corp,USD,2025-03-31,Q,414544,475000,-75157,0,,,-75157,,,,
WTG,Wintergreen Acquisition Corp,USD,2024-09-30,Q,,,-3595,0,,,-3595,0,,,
GIGM,和信超媒体,USD,2025-09-30,Q,41233000,2411000,-971000,916000,458000,165000,-971000,0,18.01310043668122,50,0.02221521596779279
GIGM,和信超媒体,USD,2025-06-30,Q,41698000,2278000,844000,868000,391000,157000,844000,0,18.08755760368664,54.95391705069125,0.02081634610772699
GIGM,和信超媒体,USD,2025-03-31,Q,41846000,2060000,-677000,859000,399000,195000,-677000,0,22.70081490104773,53.55064027939464,0.02052764899870956
GIGM,和信超媒体,USD,2024-12-31,Q,42358000,2015000,-463000,755000,357000,164000,-463000,0,21.72185430463576,52.71523178807948,0.01782425988006988
GIGM,和信超媒体,USD,2024-09-30,Q,44514000,2742000,-320000,769000,397000,170000,-320000,0,22.10663198959688,48.37451235370611,0.01727546389899807
GIGM,和信超媒体,USD,2024-06-30,Q,,,,,,,,,,,
YSG,逸仙电商,USD,2025-09-30,Q,4020785000,1007637000,-65962000,998416000,217934000,39755000,-70685000,-310000,3.981807182577203,78.17202448678707,0.2483136999367039
YSG,逸仙电商,USD,2025-06-30,Q,4043260000,904346000,-17668000,1086732000,236335000,36116000,-20238000,-763000,3.323358472926167,78.2526878752075,0.2687761855532417
YSG,逸仙电商,USD,2025-03-31,Q,3877407000,762656000,-5303000,833533000,174406000,22637000,-6034000,-433000,2.715789296884466,79.0762933201205,0.2149717581878818
YSG,逸仙电商,USD,2024-12-31,Q,3970867000,867852000,-384234000,1148522000,255536000,26345000,-381192000,-2388000,2.293817619514472,77.75088330915733,0.289237086006658
YSG,逸仙电商,USD,2024-09-30,Q,4460729000,789676000,-121067000,677016000,163191000,25338000,-121052000,4000,3.742599879471091,75.89554752029494,0.1517725017592416
YHGJ,运鸿绿色CTI,USD,2025-09-30,Q,22171000,11630000,-811000,2953000,2886000,,-811000,,,2.268879105993905,0.133192007577466
YHGJ,运鸿绿色CTI,USD,2025-06-30,Q,22736000,11385000,-185000,5457000,4479000,,-185000,,,17.92193512919186,0.2400158339197748
YHGJ,运鸿绿色CTI,USD,2025-03-31,Q,24593000,14115000,-416000,4802000,3936000,,-416000,,,18.0341524364848,0.1952588134835116
YHGJ,运鸿绿色CTI,USD,2024-12-31,Q,25578000,14875000,683000,6165000,4132000,,683000,,,32.9764801297648,0.241027445460943
YHGJ,运鸿绿色CTI,USD,2024-09-30,Q,20619000,10686000,-1193000,2540000,2560000,,-1193000,,,-0.7874015748031495,0.1231873514719434
YHGJ,运鸿绿色CTI,USD,2024-06-30,Q,,,,,,,,,,,
JL,J-Long Group Ltd-A,USD,2025-03-31,A,23454137,8409737,2593248,39075090,27817851,,3169906,657566,,28.80924650461458,1.666021222609896
JL,J-Long Group Ltd-A,USD,2024-03-31,A,16894061,6720913,783660,28378669,21581411,,910501,126841,,23.95199718492788,1.679801499473691
JL,J-Long Group Ltd-A,USD,2023-03-31,A,20605613,9257814,6656151,38292397,28253752,,7753877,1097726,,26.21576549517127,1.858347868612305
JL,J-Long Group Ltd-A,USD,2022-03-31,A,19290589,12227395,4483642,38292412,29436421,,5360038,876396,,23.12727388392249,1.985030731824726
SXTC,苏轩堂,USD,2025-03-31,A,21663508,6223746,-3303652,1740907,1373480,,-3303652,0,,21.10549271155783,0.08036126928288807
SXTC,苏轩堂,USD,2024-03-31,A,23127057,9196611,-3098532,1928497,1374526,,-3098532,0,,28.72553081492997,0.08338704747430682
SXTC,苏轩堂,USD,2023-03-31,A,29554056,14862761,-5934772,1971679,1545408,,-5934772,0,,21.61969570097364,0.06671432848337297
SXTC,苏轩堂,USD,2022-03-31,A,33546273,17121565,-5736095,2602281,1350638,,-5407949,328146,,48.09791871054664,0.07757287970559353
SXTC,苏轩堂,USD,2021-03-31,A,,,,,,,,,,,
ZKH,震坤行,USD,2025-09-30,Q,6386682000,3429355000,-24307000,2328354000,1938177000,40339000,-24300000,7000,1.732511465180982,16.75763221571977,0.3645639472890618
ZKH,震坤行,USD,2025-06-30,Q,6259865000,3265519000,-53509000,2166774000,1809787000,41471000,-53561000,-52000,1.913951339641328,16.47550690565791,0.3461374965754054
ZKH,震坤行,USD,2025-03-31,Q,6121891000,3084813000,-66723000,1935372000,1603254000,39613000,-66476000,247000,2.046789971126998,17.16042187238422,0.316139571906785
ZKH,震坤行,USD,2024-12-31,Q,6611236000,3512745000,-256393000,8436323000,6981199000,162402000,-255464000,929000,1.925032979415321,17.24832015085245,1.276058364880637
ZKH,震坤行,USD,2024-09-30,Q,6741589000,3660950000,-81751000,2280690000,1892284000,49785000,-81160000,591000,2.182892019520408,17.03019700178455,0.3383015487891653
ZKH,震坤行,USD,2024-06-30,Q,,,,,,,,,,,
WDH,水滴,USD,2025-09-30,Q,6613455000,1540740000,158466000,974860000,475114000,58327000,168096000,9630000,5.983115524280409,51.26336089284615,0.1474055542828975
WDH,水滴,USD,2025-06-30,Q,6523028000,1510433000,140159000,837959000,416493000,51945000,137368000,-2852000,6.198990642740277,50.29673289504618,0.1284616592171611
WDH,水滴,USD,2025-03-31,Q,6488392000,1554838000,108195000,753694000,374218000,56244000,117583000,13328000,7.462444971035991,50.34881530170069,0.1161603676226714
WDH,水滴,USD,2024-12-31,Q,6453665000,1580097000,105783000,686824000,621287000,54265000,93403000,1936000,7.900859608866318,9.54203697016994,0.1064238692277954
WDH,水滴,USD,2024-09-30,Q,6228563000,1516916000,98973000,704141000,340560000,52951000,87312000,-7843000,7.519942738741246,51.63468680278523,0.1130503135313876
DUO,房多多,USD,2024-12-31,A,731189000,347888000,30833000,339104000,277356000,24775000,20648000,-7655000,7.306018212701708,18.20916297065207,0.4637706530049002
DUO,房多多,USD,2023-12-31,A,769901000,578404000,-91753000,284957000,243763000,32142000,-94993000,-1889000,11.27959657071067,14.45621620104086,0.3701216130385595
DUO,房多多,USD,2022-12-31,A,1076679000,981285000,-244038000,245948000,221213000,65971000,-232101000,7487000,26.82314960886041,10.0570039195277,0.2284320582086211
DUO,房多多,USD,2021-12-31,A,1912983000,1609306000,-1171165000,942380000,835873000,167530000,-1194090000,8907000,17.77732973959549,11.30191642437233,0.4926233008866258
CLIK,Click Holdings Ltd,USD,2025-06-30,A,141427390,20040340,-7933627,83548892,70753797,,-7750311,186151,,15.31449992179429,0.5907546763042152
CLIK,Click Holdings Ltd,USD,2024-12-31,A,,,935799,7993949,6104311,,1060855,125056,,23.63835446035495,
CLIK,Click Holdings Ltd,USD,2023-12-31,A,12861962.7136,9710408.6378,6272124.4521,44206526.5876,30915363.4465,,7028486.1777,756361.7256,,30.0660652783071,3.436996947663115
CLIK,Click Holdings Ltd,USD,2022-12-31,A,11885544.5925,12511202.7915,1429151.658,32473882.6875,26237123.547,,1429151.658,0,,19.20546181840056,2.732216638015192
BIDU,百度,USD,2025-09-30,Q,444072000000,156473000000,-11232000000,31174000000,18315000000,5179000000,-13145000000,-1828000000,16.61320331045102,41.24911785462244,0.07020032787475905
BIDU,百度,USD,2025-06-30,Q,450569000000,152657000000,7322000000,32713000000,18357000000,5119000000,8140000000,881000000,15.64821324855562,43.8846941582857,0.0726037521445106
BIDU,百度,USD,2025-03-31,Q,453982000000,163908000000,7717000000,32452000000,17487000000,4544000000,8995000000,1177000000,14.00221866140762,46.1142610624923,0.07148301033961699
BIDU,百度,USD,2024-12-31,Q,427780000000,144168000000,5192000000,34124000000,18014000000,5515000000,6577000000,1619000000,16.16164576251319,47.21017465713281,0.07976997522090794
BIDU,百度,USD,2024-09-30,Q,417316000000,138125000000,7632000000,33557000000,16399000000,5366000000,8600000000,814000000,15.99070238698334,51.13091158327622,0.08041148673906584
PLBL,Polibeli Group Ltd-A,USD,2024-12-31,A,21043518,45682515,-10978791,30226939,29078294,,-10978791,0,,3.800070526492941,1.436401413489893
PLBL,Polibeli Group Ltd-A,USD,2023-12-31,A,20145572,29338435,-6726689,22791538,21758592,,-6723858,2831,,4.532146974899192,1.131342311848976
PLBL,Polibeli Group Ltd-A,USD,2022-12-31,A,19187832,23726686,-8047302,28747444,30293041,,-8047302,0,,-5.376467556559115,1.498212200315283
NAAS,能链智电,USD,2024-12-31,Q,650644000,1404778000,-542931000,45244000,17507000,4373000,-485192000,47558000,9.665369993811336,61.30536645743082,0.06953725847006965
NAAS,能链智电,USD,2024-09-30,Q,1287876000,1507500000,-7684000,44448000,19298000,4920000,-69030000,-59513000,11.06911447084233,56.58297336213103,0.03451263941559591
NAAS,能链智电,USD,2024-06-30,Q,1309734000,1552237000,-135471000,91693000,61240000,11274000,-144499000,-9056000,12.29537696443567,33.21191366843706,0.0700088720305039
HLP,宏力型钢,USD,2024-12-31,A,65010421,11517126,-1881635,14105620,9585873,,-1873243,8392,,32.04217184356306,0.2169747524016188
HLP,宏力型钢,USD,2023-12-31,A,32128670,11021117,864722,15997954,10752114,,932462,67740,,32.79069310988142,0.4979339014033261
HLP,宏力型钢,USD,2022-12-31,A,36164139,22689446,2932363,20283245,13274752,,3212432,280069,,34.5531151450372,0.5608662492974048
HLP,宏力型钢,USD,2021-12-31,A,21845746,10357150,3202212,21713138,14058830,,3465292,263080,,35.25196588351255,0.9939298021683489
VIOT,云米,USD,2024-12-31,Q,,,,,,,,,,,
BIYA,柏雅国际,USD,2024-12-31,A,4951430,4401366,-8750,12809211,11401940,238150,35217,28530,1.859208970794532,10.98639877194622,2.586972046459306
BIYA,柏雅国际,USD,2023-12-31,A,7623191,7028874,-1017077,11574877,10772530,300519,-1030577,32239,2.5963040471186,6.931797201819077,1.51837688443068
BIYA,柏雅国际,USD,2022-12-31,A,7878429,6175758,-1264103,13161560,11635220,479218,-1306260,23421,3.641042551186941,11.59695355261838,1.670581787308104
BIYA,柏雅国际,USD,2021-12-31,A,7881531,4635115,239597,20824565,18148607,337770,452540,200333,1.621978658377738,12.85000671082445,2.642197943521379
TWG,富原集团,USD,2024-12-31,A,19784932,1164514,-2019515,4747580,2240867,,-2019515,0,,52.79980537452765,0.239959379188162
TWG,富原集团,USD,2023-12-31,A,7348982,2396346,2438095,16943287,11556006,,3045248,607153,,31.79596143298523,2.305528439177018
TWG,富原集团,USD,2022-12-31,A,3432169,920317,1917771,8512929,4309747,,2280358,362587,,49.37409909092393,2.480335030122351
TWG,富原集团,USD,2021-12-31,A,339748,386680,-10995,19615,4313,,-16888,-5893,,78.01172572011215,0.05773396752887434
TRSG,Tungray Technologies Inc-A,USD,2024-12-31,A,29907903,12647626,-480019,12810249,7212706,1063210,-293635,278082,8.29968254325111,43.69581731003043,0.4283232094206003
TRSG,Tungray Technologies Inc-A,USD,2023-12-31,A,27050344,11335904,856536,14362502,7651593,791762,1294642,537881,5.512702452539258,46.72520846298229,0.5309545046820846
TRSG,Tungray Technologies Inc-A,USD,2022-12-31,A,26032830,11189150,2851467,16334400,7067421,829211,3469668,628534,5.076470516211186,56.73290111666177,0.6274538726677046
TRSG,Tungray Technologies Inc-A,USD,2021-12-31,A,25788188,13197905,4297846,17468116,8209516,669358,5005596,709029,3.831884331429904,53.00285388533028,0.6773688791162837
HIMX,奇景光电,USD,2025-09-30,Q,1694579000,812022000,1070000,199161000,139062000,46952000,348000,-1001000,23.57489669162135,30.17608869206321,0.1175283064407148
HIMX,奇景光电,USD,2025-06-30,Q,1708134000,836847000,16544000,214798000,147791000,37542000,22064000,5054000,17.47781636700528,31.19535563645844,0.1257500875224075
HIMX,奇景光电,USD,2025-03-31,Q,1635480000,719362000,19987000,215133000,149581000,34987000,24023000,3841000,16.26296291131533,30.47045316153264,0.1315411989140803
HIMX,奇景光电,USD,2024-12-31,Q,1639521000,743194000,24608000,237223000,164963000,37584000,25792000,761000,15.84332042002673,30.46079005829958,0.144690430924642
HIMX,奇景光电,USD,2024-09-30,Q,1627983000,755641000,13023000,222407000,155795000,46880000,7581000,-5174000,21.07847324949305,29.95049616244093,0.1366150629337038
UMC,联华电子,USD,2025-09-30,Q,555395422000,194195228000,14982060000,59127040000,41503722000,4630616000,14643907000,-300310000,7.831638451713463,29.80585194185266,0.1064593578879014
UMC,联华电子,USD,2025-06-30,Q,548143566000,211098060000,8902530000,58757657000,41879559000,4193679000,10153978000,1305996000,7.13724681023275,28.72493367119795,0.1071939189741397
UMC,联华电子,USD,2025-03-31,Q,572962283000,182133652000,7776741000,57858957000,42412312000,3963703000,9346571000,1603332000,6.850629886052043,26.69706783687787,0.1009821391681379
UMC,联华电子,USD,2024-12-31,Q,560168955000,194462244000,10064953000,60386110000,42043529000,4334242000,11339421000,1311362000,7.17754794935458,30.37549694789083,0.1077998155038778
UMC,联华电子,USD,2024-09-30,Q,574292437000,205801571000,14472042000,60485085000,40056240000,4021752000,16564188000,2122430000,6.649163177996691,33.77501246794974,0.1053210544021146
UMC,联华电子,USD,2024-06-30,Q,,,,,,,,,,,
AS,亚玛芬体育,USD,2025-09-30,Q,9711500000,4044700000,143100000,1756300000,758100000,,197700000,51300000,,56.83539258668793,0.1808474489007877
AS,亚玛芬体育,USD,2025-06-30,Q,9018900000,3495100000,18200000,1236300000,513400000,,21800000,-600000,,58.47286257380895,0.1370788011841799
AS,亚玛芬体育,USD,2025-03-31,Q,8527400000,3296600000,134600000,1472500000,621400000,,197600000,59500000,,57.79966044142615,0.1726786593803504
AS,亚玛芬体育,USD,2024-12-31,Q,8336300000,3327900000,15400000,1635500000,718000000,,70900000,53800000,,56.09905227759096,0.1961901563043557
AS,亚玛芬体育,USD,2024-09-30,Q,8828400000,4716100000,55800000,1353800000,606500000,,128900000,72700000,,55.20017727877087,0.1533460196638123
AS,亚玛芬体育,USD,2024-06-30,Q,,,,,,,,,,,
BYAH,朴荷,USD,2024-10-31,A,3083283,1577198,478561,2381851,195336,36714,793421,314860,1.541406242455972,91.79898322775018,0.7725048268355516
BYAH,朴荷,USD,2023-10-31,A,2264867,1252394,852042,2459102,310989,30881,1181569,329527,1.255783615319739,87.35355426493085,1.085760002684484
BYAH,朴荷,USD,2022-10-31,A,2518722,2368445,191298,1919389,509162,60671,190010,-1288,3.160953824368067,73.4727040740569,0.7620487691773844
BYAH,朴荷,USD,2021-10-31,A,594216,1172401,-484958,931036,311162,,-484958,0,,66.5789507602284,1.56683091670369
TAL,好未来,USD,2025-08-31,Q,5452639000,2017141000,124084000,861353000,370340000,,175924000,51080000,,57.00485166940847,0.1579699297899604
TAL,好未来,USD,2025-05-31,Q,5715202000,2144951000,31282000,574999000,259571000,,42540000,11078000,,54.85713888198066,0.1006086923961743
TAL,好未来,USD,2025-02-28,Q,5503067000,1736669000,-7311000,610239000,292646000,,11766000,13972000,,52.04403520587834,0.1108907087629498
TAL,好未来,USD,2024-11-30,Q,5789064000,2025401000,23069000,606446000,286689000,,22209000,-3582000,,52.72637629731254,0.1047571766351175
TAL,好未来,USD,2024-08-31,Q,5340925000,1592232000,57431000,619361000,270632000,,83560000,25635000,,56.30464301110338,0.115965118401775
WAFU,华富教育,USD,2025-03-31,A,15448258,3678705,-465299,6186645,3609750,,-272744,100104,,41.65254350298102,0.4004752509959376
WAFU,华富教育,USD,2024-03-31,A,16156423,3997187,-55288,7223220,4232253,,-245970,130890,,41.40766860209159,0.447080396446664
WAFU,华富教育,USD,2023-03-31,A,17538192,4508209,905892,10692613,5005710,,2102972,430529,,53.18534393791302,0.6096759004576983
WAFU,华富教育,USD,2022-03-31,A,18003906,5993766,743135,11474348,6013731,,1141416,238885,,47.589780264639,0.6373254781490194
WAFU,华富教育,USD,2021-03-31,A,,,,,,,,,,,
MSC,新濠影汇,USD,2025-09-30,Q,2822321000,2227087000,-18569000,182514000,58328000,,-17148000,3169000,,68.04190363478966,0.06466805157882466
MSC,新濠影汇,USD,2025-06-30,Q,2921849000,2338150000,-3745000,190051000,65997000,,-1010000,3088000,,65.27405801600624,0.06504477130748372
MSC,新濠影汇,USD,2024-12-31,Q,2985444000,2338925000,-27748000,152863000,54381000,,-30161000,199000,,64.42500801371163,0.05120276916934299
MSC,新濠影汇,USD,2024-09-30,Q,2981585000,2309803000,-20968000,174630000,61207000,,-20435000,2507000,,64.95046670102502,0.05856951923222044
MSC,新濠影汇,USD,2024-06-30,Q,3089156000,2411150000,-33431000,161495000,59766000,,-31975000,4603000,,62.99204309730951,0.05227803322331407
COE,51Talk,USD,2025-09-30,Q,64866000,88675000,-4755000,26334000,7042000,1576000,-4501000,264000,5.984658616237564,73.2589048378522,0.40597539543058
COE,51Talk,USD,2025-06-30,Q,52937000,71378000,-3047000,20398000,5181000,1238000,-2891000,169000,6.06922247279145,74.60045102461027,0.3853259534918866
COE,51Talk,USD,2025-03-31,Q,45494000,61635000,-1470000,18247000,4205000,1041000,-1332000,157000,5.705047405052886,76.95511590946457,0.4010858574757111
COE,51Talk,USD,2024-12-31,Q,43942000,58654000,-1631000,16239000,3651000,936000,-1505000,162000,5.763901718086089,77.5170884906706,0.3695553229256748
COE,51Talk,USD,2024-09-30,Q,38925000,52260000,-618000,14047000,2985000,839000,-584000,51000,5.972805581262903,78.7499110130277,0.3608734746307001
PMAX,Powell Max Ltd-A,USD,2024-12-31,A,62571860,41304223,-18074094,36461260,22081030,,-18074094,0,,39.43975057362253,0.5827101831398331
PMAX,Powell Max Ltd-A,USD,2023-12-31,A,22989475,38302443,7079243,49121839,25238821,,7079243,0,,48.61995903695707,2.136709907468526
PMAX,Powell Max Ltd-A,USD,2022-12-31,A,19831841,42176674,-98603,37772821,22217680,,-98603,0,,41.18077651653288,1.904655296500209
LBGJ,利邦厨具,USD,2025-06-30,A,27834491,20020097,-1013575,11106078,7857589,,-1041828,-26249,,29.24965050668652,0.3990041707606581
LBGJ,利邦厨具,USD,2024-06-30,A,25079568,20824571,-1371141,10794015,8086367,,-1561607,-187720,,25.08471592822504,0.4303907866355593
LBGJ,利邦厨具,USD,2023-06-30,A,25353019,19803979,616818,14004548,8246591,,866731,252611,,41.11490781423292,0.5523818682106458
LBGJ,利邦厨具,USD,2022-06-30,A,20377015,15024378,848117,13479135,8623897,,1438221,593118,,36.02039745132014,0.6614872197915151
LBGJ,利邦厨具,USD,2021-06-30,A,,,,,,,,,,,
APLM,冠科美博-A,USD,2024-12-31,A,13098000,8234000,-53858000,0,,24566000,-53599000,259000,,,
APLM,冠科美博-A,USD,2023-12-31,A,55387000,14153000,-172601000,0,,34193000,-172591000,10000,,,
APLM,冠科美博-A,USD,2022-12-31,A,76475000,524595000,-240811000,0,,35457000,-240810000,1000,,,
APLM,冠科美博-A,USD,2021-12-31,A,123437000,336299000,-94797000,0,,35568000,-94796000,1000,,,
SUPX,SuperX AI Technology Ltd,USD,2024-06-30,A,8006374,1041386,-854927,2903179,2085296,,-847619,7308,,28.17197975047353,0.3626084667041535
SUPX,SuperX AI Technology Ltd,USD,2023-06-30,A,2462702,1370035,38678,6140731,4862424,,94643,55965,,20.81685388921938,2.493493325623644
SUPX,SuperX AI Technology Ltd,USD,2022-06-30,A,3057463,1853344,-65911,9620570,8172607,,-12050,53861,,15.05069865922705,3.146585911260414
SUPX,SuperX AI Technology Ltd,USD,2021-06-30,A,3510009,2018824,425126,6299004,5113000,,454907,29781,,18.82843700369138,1.794583432692053
ILAG,Intelligent Living Application ,USD,2024-12-31,A,14440221,1802155,-3690287,7506551,6194843,649753,-3607073,83214,8.65581276940635,17.47417688896006,0.5198362961342489
ILAG,Intelligent Living Application ,USD,2023-12-31,A,18283858,1881465,-3501518,6443357,5810015,,-3445281,56237,,9.829379312678158,0.3524068607402223
ILAG,Intelligent Living Application ,USD,2022-12-31,A,21802074,2350263,-1655903,12158102,9961988,,-1655903,0,,18.06296739408832,0.5576580466610653
ILAG,Intelligent Living Application ,USD,2021-12-31,A,9308969,5828683,-1386515,12543556,11231253,,-1386515,0,,10.46196947659818,1.347469950753945
EH,亿航智能,USD,2025-09-30,Q,1927500000,875351000,-82156000,92472000,36263000,50625000,-80928000,-1000,54.74630158318193,60.78488623583355,0.04797509727626459
EH,亿航智能,USD,2025-06-30,Q,1775574000,765844000,-80793000,147162000,55090000,57579000,-79412000,114000,39.12626900966282,62.56506435085144,0.08288136681433722
EH,亿航智能,USD,2025-03-31,Q,1600741000,678261000,-78084000,26092000,9799000,37285000,-76659000,1000,142.898206346773,62.4444274107006,0.01629995108515369
EH,亿航智能,USD,2024-12-31,Q,1584498000,628684000,-46858000,164278000,64590000,55963000,-44948000,177000,34.0660344050938,60.68250161311922,0.1036782627683973
EH,亿航智能,USD,2024-09-30,Q,1388522000,641725000,-48056000,128128000,49713000,43866000,-46253000,190000,34.23607642357642,61.20051823176823,0.09227653576968892
CCTG,CCSC Technology International H,USD,2025-03-31,A,15325082,4598986,-1410465,17631489,12647287,654039,-1680967,-270502,3.709493849328324,28.26875257103924,1.150498835830047
CCTG,CCSC Technology International H,USD,2024-03-31,A,17938031,5640364,-1295163,14748551,10825943,594521,-1381499,-86336,4.031046846568182,26.59656531682333,0.8221945318301658
CCTG,CCSC Technology International H,USD,2023-03-31,A,16534898,6043631,2208152,24059556,16190985,1084119,2485890,277738,4.505980908375865,32.70455614392884,1.455077376346682
CCTG,CCSC Technology International H,USD,2022-03-31,A,16390029,6950769,2289158,27169935,19694031,829024,2688986,399828,3.051254999321861,27.51535474781224,1.65771122186544
CCTG,CCSC Technology International H,USD,2021-03-31,A,,,,,,,,,,,
SKBL,Skyline Builders Group Holding ,USD,2025-03-31,A,28493592,19901469,727447,46009519,43090207,,901244,179325,,6.345017429980087,1.614732147494777
SKBL,Skyline Builders Group Holding ,USD,2024-03-31,A,20512202,17470447,929912,48821619,45928093,,1114426,150734,,5.92673094269979,2.380125692989958
SKBL,Skyline Builders Group Holding ,USD,2023-03-31,A,16679934,14027708,879554,44555081,43332532,,1112138,116641,,2.743904786078158,2.671178495070784
XPEV,小鹏汽车,USD,2025-09-30,Q,98306277000,68317329000,-380868000,20380950000,16276697000,2428863000,-393696000,-7113000,11.91731985015419,20.13769230580518,0.2073209424867143
XPEV,小鹏汽车,USD,2025-06-30,Q,92426959000,62089592000,-477754000,18274405000,15107075000,2206144000,-531047000,-9421000,12.07231644477618,17.33205540754952,0.1977172590953685
XPEV,小鹏汽车,USD,2025-03-31,Q,88888954000,58183893000,-664046000,15810628000,13351098000,1980724000,-648779000,7991000,12.52780091973576,15.5561815760892,0.1778694347106391
XPEV,小鹏汽车,USD,2024-12-31,Q,82706105000,51431317000,-1329973000,16105096000,13780319000,2006463000,-1349669000,-44092000,12.45855970060657,14.43503969178451,0.1947268100704295
XPEV,小鹏汽车,USD,2024-09-30,Q,76434782000,44407516000,-1807720000,10101710000,8560262000,1633071000,-1775295000,7025000,16.16628273826907,15.25927788463538,0.1321611671503164
WNW,知食谷,USD,2024-12-31,A,60945135,1967772,5114684,158485,91354,689,4742120,-372564,0.4347414581821624,42.35795185664259,0.002600453670338084
WNW,知食谷,USD,2023-12-31,A,20584279,11568372,-16066384,10977429,8394364,107199,-16105465,207240,0.976540135217454,23.53069193159892,0.5332918874642149
WNW,知食谷,USD,2022-12-31,A,37995641,17939426,-11072016,10978571,9803883,1030359,-11008707,211144,9.385183190052695,10.69982605204266,0.288942907950941
WNW,知食谷,USD,2021-12-31,A,28290040,10664213,-1081946,12258451,9418606,452608,-1117586,0,3.692212009494511,23.16642616591607,0.4333133145092761
TNMG,TNL Mediagene,USD,2024-12-31,A,92915077,56511317,-85004692,48493897,30755340,3052515,-85283966,-307246,6.294637446852333,36.57894724360882,0.5219163408754426
TNMG,TNL Mediagene,USD,2023-12-31,A,119616267,47248519,-804977,35838780,23187396,3327185,-1806871,-591082,9.283756310901207,35.30082218200508,0.2996146000777637
TNMG,TNL Mediagene,USD,2022-12-31,A,26534165,50670749,-11014131,20009994,12268798,2509069,-11641945,-247177,12.53907922211271,38.68664828185356,0.7541218651500811
ORIS,闽东红集团,USD,2024-12-31,A,72120000,2016000,2088000,15014000,11084000,,2003000,-85000,,26.17556946849607,0.2081808097615086
ORIS,闽东红集团,USD,2023-12-31,A,67720000,4678000,11501000,24122000,11338000,,11383000,-118000,,52.9972639084653,0.3562020082693443
ORIS,闽东红集团,USD,2022-12-31,A,56243000,3550000,11853000,24306000,11656000,,11941000,88000,,52.04476261005513,0.4321604466333588
ORIS,闽东红集团,USD,2021-12-31,A,48515000,3120000,9383000,22368000,10887000,,9516000,133000,,51.32778969957081,0.4610532824899516
EDU,新东方,USD,2025-08-31,Q,8012925000,3754521000,240723000,1522980000,637795000,,339223000,91542000,,58.12190573743582,0.1900654255468509
EDU,新东方,USD,2025-05-31,Q,7805499000,3851767000,7100000,1243155000,569872000,,9890000,1535000,,54.15921586608267,0.1592665632267713
EDU,新东方,USD,2025-02-28,Q,7447209000,3471675000,87255000,1183055000,531586000,,153402000,52579000,,55.06667061125646,0.1588588422857476
EDU,新东方,USD,2024-11-30,Q,7634488000,3652857000,31931000,1038636000,498312000,,52768000,14629000,,52.02246022668192,0.1360452724531102
EDU,新东方,USD,2024-08-31,Q,7709118000,3470179000,245430000,1435416000,583521000,,320324000,77551000,,59.34830042301326,0.186197175863698
CNF,深泛联,USD,2024-12-31,A,15027114542,10969556041,37784446,805619856,,,48288519,10504073,,,0.05361108107270592
CNF,深泛联,USD,2023-12-31,A,16364345824,12355419101,164617561,1114104537,,,205634579,41017018,,,0.06808121442691897
CNF,深泛联,USD,2022-12-31,A,14481919900,10544206440,135351411,1059518072,,,172584054,37232643,,,0.0731614371102826
CNF,深泛联,USD,2021-12-31,A,14386171347,10567883607,65207464,596888118,,,93765444,28557980,,,0.04149040794821836
